family,prompt_id,requested_b,realised_r,signed_error,context_tokens,compress_ms,backend,backend_version,model_version,tokenizer
multifieldqa_en,multifieldqa_en-3074f07df75f95b421d8871cb9f6448e130ad7d948b137b8,0.8,0.7055084745762712,-0.09449152542372885,1888,23170.559540973045,llmlingua2,llmlingua-0.2.2,microsoft/llmlingua-2-bert-base-multilingual-cased-meetingbank@main,gpt2
multifieldqa_en,multifieldqa_en-3074f07df75f95b421d8871cb9f6448e130ad7d948b137b8,0.65,0.5481991525423728,-0.10180084745762719,1888,200.2230419893749,llmlingua2,llmlingua-0.2.2,microsoft/llmlingua-2-bert-base-multilingual-cased-meetingbank@main,gpt2
multifieldqa_en,multifieldqa_en-3074f07df75f95b421d8871cb9f6448e130ad7d948b137b8,0.5,0.4120762711864407,-0.08792372881355931,1888,197.553332982352,llmlingua2,llmlingua-0.2.2,microsoft/llmlingua-2-bert-base-multilingual-cased-meetingbank@main,gpt2
multifieldqa_en,multifieldqa_en-3074f07df75f95b421d8871cb9f6448e130ad7d948b137b8,0.4,0.3236228813559322,-0.07637711864406782,1888,199.8878330050502,llmlingua2,llmlingua-0.2.2,microsoft/llmlingua-2-bert-base-multilingual-cased-meetingbank@main,gpt2
multifieldqa_en,multifieldqa_en-3074f07df75f95b421d8871cb9f6448e130ad7d948b137b8,0.3,0.2388771186440678,-0.06112288135593219,1888,195.3702080063522,llmlingua2,llmlingua-0.2.2,microsoft/llmlingua-2-bert-base-multilingual-cased-meetingbank@main,gpt2
multifieldqa_en,multifieldqa_en-3074f07df75f95b421d8871cb9f6448e130ad7d948b137b8,0.2,0.15783898305084745,-0.04216101694915256,1888,195.03966698539443,llmlingua2,llmlingua-0.2.2,microsoft/llmlingua-2-bert-base-multilingual-cased-meetingbank@main,gpt2
multifieldqa_en,multifieldqa_en-46b15f1200c46251053ec3dfa806dbdf515eb34053a5e0d1,0.8,0.7617052735337605,-0.03829472646623955,4058,445.48758302698843,llmlingua2,llmlingua-0.2.2,microsoft/llmlingua-2-bert-base-multilingual-cased-meetingbank@main,gpt2
multifieldqa_en,multifieldqa_en-46b15f1200c46251053ec3dfa806dbdf515eb34053a5e0d1,0.65,0.6074420896993593,-0.04255791030064071,4058,436.34295801166445,llmlingua2,llmlingua-0.2.2,microsoft/llmlingua-2-bert-base-multilingual-cased-meetingbank@main,gpt2
multifieldqa_en,multifieldqa_en-46b15f1200c46251053ec3dfa806dbdf515eb34053a5e0d1,0.5,0.46057171020207,-0.039428289797930005,4058,443.16820899257436,llmlingua2,llmlingua-0.2.2,microsoft/llmlingua-2-bert-base-multilingual-cased-meetingbank@main,gpt2
multifieldqa_en,multifieldqa_en-46b15f1200c46251053ec3dfa806dbdf515eb34053a5e0d1,0.4,0.3676688023656974,-0.032331197634302644,4058,439.85916700330563,llmlingua2,llmlingua-0.2.2,microsoft/llmlingua-2-bert-base-multilingual-cased-meetingbank@main,gpt2
multifieldqa_en,multifieldqa_en-46b15f1200c46251053ec3dfa806dbdf515eb34053a5e0d1,0.3,0.27501232134056186,-0.02498767865943813,4058,436.4758339943364,llmlingua2,llmlingua-0.2.2,microsoft/llmlingua-2-bert-base-multilingual-cased-meetingbank@main,gpt2
multifieldqa_en,multifieldqa_en-46b15f1200c46251053ec3dfa806dbdf515eb34053a5e0d1,0.2,0.18161655988171513,-0.018383440118284883,4058,439.4201669783797,llmlingua2,llmlingua-0.2.2,microsoft/llmlingua-2-bert-base-multilingual-cased-meetingbank@main,gpt2
multifieldqa_en,multifieldqa_en-47b9dbb6d85243ffdaf6d95e842986b30d49d95913f21b6a,0.8,0.7617052735337605,-0.03829472646623955,4058,434.649165981682,llmlingua2,llmlingua-0.2.2,microsoft/llmlingua-2-bert-base-multilingual-cased-meetingbank@main,gpt2
multifieldqa_en,multifieldqa_en-47b9dbb6d85243ffdaf6d95e842986b30d49d95913f21b6a,0.65,0.6074420896993593,-0.04255791030064071,4058,432.8854999912437,llmlingua2,llmlingua-0.2.2,microsoft/llmlingua-2-bert-base-multilingual-cased-meetingbank@main,gpt2
multifieldqa_en,multifieldqa_en-47b9dbb6d85243ffdaf6d95e842986b30d49d95913f21b6a,0.5,0.46057171020207,-0.039428289797930005,4058,437.05425001098774,llmlingua2,llmlingua-0.2.2,microsoft/llmlingua-2-bert-base-multilingual-cased-meetingbank@main,gpt2
multifieldqa_en,multifieldqa_en-47b9dbb6d85243ffdaf6d95e842986b30d49d95913f21b6a,0.4,0.3676688023656974,-0.032331197634302644,4058,442.444666987285,llmlingua2,llmlingua-0.2.2,microsoft/llmlingua-2-bert-base-multilingual-cased-meetingbank@main,gpt2
multifieldqa_en,multifieldqa_en-47b9dbb6d85243ffdaf6d95e842986b30d49d95913f21b6a,0.3,0.27501232134056186,-0.02498767865943813,4058,436.71808298677206,llmlingua2,llmlingua-0.2.2,microsoft/llmlingua-2-bert-base-multilingual-cased-meetingbank@main,gpt2
multifieldqa_en,multifieldqa_en-47b9dbb6d85243ffdaf6d95e842986b30d49d95913f21b6a,0.2,0.18161655988171513,-0.018383440118284883,4058,441.65662498562597,llmlingua2,llmlingua-0.2.2,microsoft/llmlingua-2-bert-base-multilingual-cased-meetingbank@main,gpt2
multifieldqa_en,multifieldqa_en-c29e95ab6195406aceecf3874186150cb1b8b26db5bcd0e4,0.8,0.696376811594203,-0.1036231884057971,1380,379.9745829892345,llmlingua2,llmlingua-0.2.2,microsoft/llmlingua-2-bert-base-multilingual-cased-meetingbank@main,gpt2
multifieldqa_en,multifieldqa_en-c29e95ab6195406aceecf3874186150cb1b8b26db5bcd0e4,0.65,0.5521739130434783,-0.09782608695652173,1380,148.50804198067635,llmlingua2,llmlingua-0.2.2,microsoft/llmlingua-2-bert-base-multilingual-cased-meetingbank@main,gpt2
multifieldqa_en,multifieldqa_en-c29e95ab6195406aceecf3874186150cb1b8b26db5bcd0e4,0.5,0.4181159420289855,-0.0818840579710145,1380,148.9599589840509,llmlingua2,llmlingua-0.2.2,microsoft/llmlingua-2-bert-base-multilingual-cased-meetingbank@main,gpt2
multifieldqa_en,multifieldqa_en-c29e95ab6195406aceecf3874186150cb1b8b26db5bcd0e4,0.4,0.33405797101449275,-0.06594202898550727,1380,148.86266700341366,llmlingua2,llmlingua-0.2.2,microsoft/llmlingua-2-bert-base-multilingual-cased-meetingbank@main,gpt2
multifieldqa_en,multifieldqa_en-c29e95ab6195406aceecf3874186150cb1b8b26db5bcd0e4,0.3,0.25,-0.04999999999999999,1380,147.79779099626467,llmlingua2,llmlingua-0.2.2,microsoft/llmlingua-2-bert-base-multilingual-cased-meetingbank@main,gpt2
multifieldqa_en,multifieldqa_en-c29e95ab6195406aceecf3874186150cb1b8b26db5bcd0e4,0.2,0.16014492753623188,-0.039855072463768126,1380,149.39820798463188,llmlingua2,llmlingua-0.2.2,microsoft/llmlingua-2-bert-base-multilingual-cased-meetingbank@main,gpt2
multifieldqa_en,multifieldqa_en-c4f2dfb06f56a185067d2f147c4d846aa0b895f1968eda12,0.8,0.696376811594203,-0.1036231884057971,1380,145.89412498753518,llmlingua2,llmlingua-0.2.2,microsoft/llmlingua-2-bert-base-multilingual-cased-meetingbank@main,gpt2
multifieldqa_en,multifieldqa_en-c4f2dfb06f56a185067d2f147c4d846aa0b895f1968eda12,0.65,0.5521739130434783,-0.09782608695652173,1380,146.20816698879935,llmlingua2,llmlingua-0.2.2,microsoft/llmlingua-2-bert-base-multilingual-cased-meetingbank@main,gpt2
multifieldqa_en,multifieldqa_en-c4f2dfb06f56a185067d2f147c4d846aa0b895f1968eda12,0.5,0.4181159420289855,-0.0818840579710145,1380,145.22799997939728,llmlingua2,llmlingua-0.2.2,microsoft/llmlingua-2-bert-base-multilingual-cased-meetingbank@main,gpt2
multifieldqa_en,multifieldqa_en-c4f2dfb06f56a185067d2f147c4d846aa0b895f1968eda12,0.4,0.33405797101449275,-0.06594202898550727,1380,145.24137499392964,llmlingua2,llmlingua-0.2.2,microsoft/llmlingua-2-bert-base-multilingual-cased-meetingbank@main,gpt2
multifieldqa_en,multifieldqa_en-c4f2dfb06f56a185067d2f147c4d846aa0b895f1968eda12,0.3,0.25,-0.04999999999999999,1380,145.85295802680776,llmlingua2,llmlingua-0.2.2,microsoft/llmlingua-2-bert-base-multilingual-cased-meetingbank@main,gpt2
multifieldqa_en,multifieldqa_en-c4f2dfb06f56a185067d2f147c4d846aa0b895f1968eda12,0.2,0.16014492753623188,-0.039855072463768126,1380,146.1370420001913,llmlingua2,llmlingua-0.2.2,microsoft/llmlingua-2-bert-base-multilingual-cased-meetingbank@main,gpt2
multifieldqa_en,multifieldqa_en-8e79ff617e6cfd373020194ce4cb84531a6aec6ab7e6cfc2,0.8,0.696376811594203,-0.1036231884057971,1380,147.4682920088526,llmlingua2,llmlingua-0.2.2,microsoft/llmlingua-2-bert-base-multilingual-cased-meetingbank@main,gpt2
multifieldqa_en,multifieldqa_en-8e79ff617e6cfd373020194ce4cb84531a6aec6ab7e6cfc2,0.65,0.5521739130434783,-0.09782608695652173,1380,146.05145799578167,llmlingua2,llmlingua-0.2.2,microsoft/llmlingua-2-bert-base-multilingual-cased-meetingbank@main,gpt2
multifieldqa_en,multifieldqa_en-8e79ff617e6cfd373020194ce4cb84531a6aec6ab7e6cfc2,0.5,0.4181159420289855,-0.0818840579710145,1380,145.6472909776494,llmlingua2,llmlingua-0.2.2,microsoft/llmlingua-2-bert-base-multilingual-cased-meetingbank@main,gpt2
multifieldqa_en,multifieldqa_en-8e79ff617e6cfd373020194ce4cb84531a6aec6ab7e6cfc2,0.4,0.33405797101449275,-0.06594202898550727,1380,145.9966670081485,llmlingua2,llmlingua-0.2.2,microsoft/llmlingua-2-bert-base-multilingual-cased-meetingbank@main,gpt2
multifieldqa_en,multifieldqa_en-8e79ff617e6cfd373020194ce4cb84531a6aec6ab7e6cfc2,0.3,0.25,-0.04999999999999999,1380,146.47041601710953,llmlingua2,llmlingua-0.2.2,microsoft/llmlingua-2-bert-base-multilingual-cased-meetingbank@main,gpt2
multifieldqa_en,multifieldqa_en-8e79ff617e6cfd373020194ce4cb84531a6aec6ab7e6cfc2,0.2,0.16014492753623188,-0.039855072463768126,1380,146.4723750250414,llmlingua2,llmlingua-0.2.2,microsoft/llmlingua-2-bert-base-multilingual-cased-meetingbank@main,gpt2
multifieldqa_en,multifieldqa_en-7d9bc0ed11dfc39ab91980d15a95fcd9f5902d25f85ec436,0.8,0.7642160844841592,-0.035783915515840814,4924,538.3292500046082,llmlingua2,llmlingua-0.2.2,microsoft/llmlingua-2-bert-base-multilingual-cased-meetingbank@main,gpt2
multifieldqa_en,multifieldqa_en-7d9bc0ed11dfc39ab91980d15a95fcd9f5902d25f85ec436,0.65,0.6127132412672623,-0.03728675873273768,4924,539.0859170001931,llmlingua2,llmlingua-0.2.2,microsoft/llmlingua-2-bert-base-multilingual-cased-meetingbank@main,gpt2
multifieldqa_en,multifieldqa_en-7d9bc0ed11dfc39ab91980d15a95fcd9f5902d25f85ec436,0.5,0.4713647441104793,-0.028635255889520705,4924,552.8252910007723,llmlingua2,llmlingua-0.2.2,microsoft/llmlingua-2-bert-base-multilingual-cased-meetingbank@main,gpt2
multifieldqa_en,multifieldqa_en-7d9bc0ed11dfc39ab91980d15a95fcd9f5902d25f85ec436,0.4,0.37591389114541024,-0.024086108854589783,4924,554.3339590076357,llmlingua2,llmlingua-0.2.2,microsoft/llmlingua-2-bert-base-multilingual-cased-meetingbank@main,gpt2
multifieldqa_en,multifieldqa_en-7d9bc0ed11dfc39ab91980d15a95fcd9f5902d25f85ec436,0.3,0.28005686433793664,-0.01994313566206335,4924,544.6328750113025,llmlingua2,llmlingua-0.2.2,microsoft/llmlingua-2-bert-base-multilingual-cased-meetingbank@main,gpt2
multifieldqa_en,multifieldqa_en-7d9bc0ed11dfc39ab91980d15a95fcd9f5902d25f85ec436,0.2,0.1852152721364744,-0.01478472786352561,4924,552.9119170096237,llmlingua2,llmlingua-0.2.2,microsoft/llmlingua-2-bert-base-multilingual-cased-meetingbank@main,gpt2
multifieldqa_en,multifieldqa_en-c93a8eb62278ce7c575ba542b2bcd5e610fa15035906463c,0.8,0.7487886693999255,-0.051211330600074545,2683,317.12799999513663,llmlingua2,llmlingua-0.2.2,microsoft/llmlingua-2-bert-base-multilingual-cased-meetingbank@main,gpt2
multifieldqa_en,multifieldqa_en-c93a8eb62278ce7c575ba542b2bcd5e610fa15035906463c,0.65,0.5810659709280656,-0.06893402907193447,2683,303.3750409958884,llmlingua2,llmlingua-0.2.2,microsoft/llmlingua-2-bert-base-multilingual-cased-meetingbank@main,gpt2
multifieldqa_en,multifieldqa_en-c93a8eb62278ce7c575ba542b2bcd5e610fa15035906463c,0.5,0.43346999627282895,-0.06653000372717105,2683,300.9830829978455,llmlingua2,llmlingua-0.2.2,microsoft/llmlingua-2-bert-base-multilingual-cased-meetingbank@main,gpt2
multifieldqa_en,multifieldqa_en-c93a8eb62278ce7c575ba542b2bcd5e610fa15035906463c,0.4,0.3376816995900112,-0.062318300409988814,2683,304.26591698778793,llmlingua2,llmlingua-0.2.2,microsoft/llmlingua-2-bert-base-multilingual-cased-meetingbank@main,gpt2
multifieldqa_en,multifieldqa_en-c93a8eb62278ce7c575ba542b2bcd5e610fa15035906463c,0.3,0.24636600819977636,-0.05363399180022363,2683,301.03612499078736,llmlingua2,llmlingua-0.2.2,microsoft/llmlingua-2-bert-base-multilingual-cased-meetingbank@main,gpt2
multifieldqa_en,multifieldqa_en-c93a8eb62278ce7c575ba542b2bcd5e610fa15035906463c,0.2,0.16250465896384644,-0.03749534103615357,2683,465.32658400246873,llmlingua2,llmlingua-0.2.2,microsoft/llmlingua-2-bert-base-multilingual-cased-meetingbank@main,gpt2
multifieldqa_en,multifieldqa_en-420ce59c7a0c084e938dd69dfacf59f61ac3ebbd237780c8,0.8,0.7269385026737968,-0.07306149732620326,2992,299.75104102049954,llmlingua2,llmlingua-0.2.2,microsoft/llmlingua-2-bert-base-multilingual-cased-meetingbank@main,gpt2
multifieldqa_en,multifieldqa_en-420ce59c7a0c084e938dd69dfacf59f61ac3ebbd237780c8,0.65,0.5792112299465241,-0.07078877005347595,2992,298.78258297685534,llmlingua2,llmlingua-0.2.2,microsoft/llmlingua-2-bert-base-multilingual-cased-meetingbank@main,gpt2
multifieldqa_en,multifieldqa_en-420ce59c7a0c084e938dd69dfacf59f61ac3ebbd237780c8,0.5,0.44184491978609625,-0.058155080213903754,2992,302.1980000194162,llmlingua2,llmlingua-0.2.2,microsoft/llmlingua-2-bert-base-multilingual-cased-meetingbank@main,gpt2
multifieldqa_en,multifieldqa_en-420ce59c7a0c084e938dd69dfacf59f61ac3ebbd237780c8,0.4,0.3502673796791444,-0.049732620320855625,2992,308.8388330070302,llmlingua2,llmlingua-0.2.2,microsoft/llmlingua-2-bert-base-multilingual-cased-meetingbank@main,gpt2
multifieldqa_en,multifieldqa_en-420ce59c7a0c084e938dd69dfacf59f61ac3ebbd237780c8,0.3,0.26036096256684493,-0.039639037433155055,2992,309.51129100867547,llmlingua2,llmlingua-0.2.2,microsoft/llmlingua-2-bert-base-multilingual-cased-meetingbank@main,gpt2
multifieldqa_en,multifieldqa_en-420ce59c7a0c084e938dd69dfacf59f61ac3ebbd237780c8,0.2,0.1711229946524064,-0.028877005347593604,2992,308.74412500998005,llmlingua2,llmlingua-0.2.2,microsoft/llmlingua-2-bert-base-multilingual-cased-meetingbank@main,gpt2
multifieldqa_en,multifieldqa_en-ce720011515773e6bd7b4b355c52a7215ad2920f18a1ec14,0.8,0.7269385026737968,-0.07306149732620326,2992,315.4189999913797,llmlingua2,llmlingua-0.2.2,microsoft/llmlingua-2-bert-base-multilingual-cased-meetingbank@main,gpt2
multifieldqa_en,multifieldqa_en-ce720011515773e6bd7b4b355c52a7215ad2920f18a1ec14,0.65,0.5792112299465241,-0.07078877005347595,2992,312.0624589791987,llmlingua2,llmlingua-0.2.2,microsoft/llmlingua-2-bert-base-multilingual-cased-meetingbank@main,gpt2
multifieldqa_en,multifieldqa_en-ce720011515773e6bd7b4b355c52a7215ad2920f18a1ec14,0.5,0.44184491978609625,-0.058155080213903754,2992,312.2375840030145,llmlingua2,llmlingua-0.2.2,microsoft/llmlingua-2-bert-base-multilingual-cased-meetingbank@main,gpt2
multifieldqa_en,multifieldqa_en-ce720011515773e6bd7b4b355c52a7215ad2920f18a1ec14,0.4,0.3502673796791444,-0.049732620320855625,2992,311.8186249921564,llmlingua2,llmlingua-0.2.2,microsoft/llmlingua-2-bert-base-multilingual-cased-meetingbank@main,gpt2
multifieldqa_en,multifieldqa_en-ce720011515773e6bd7b4b355c52a7215ad2920f18a1ec14,0.3,0.26036096256684493,-0.039639037433155055,2992,310.44266698881984,llmlingua2,llmlingua-0.2.2,microsoft/llmlingua-2-bert-base-multilingual-cased-meetingbank@main,gpt2
multifieldqa_en,multifieldqa_en-ce720011515773e6bd7b4b355c52a7215ad2920f18a1ec14,0.2,0.1711229946524064,-0.028877005347593604,2992,310.8871669974178,llmlingua2,llmlingua-0.2.2,microsoft/llmlingua-2-bert-base-multilingual-cased-meetingbank@main,gpt2
multifieldqa_en,multifieldqa_en-4c9131da4fb2a9dbc8dadce39d20bdc302a092b5740c414a,0.8,0.7269385026737968,-0.07306149732620326,2992,317.0782499946654,llmlingua2,llmlingua-0.2.2,microsoft/llmlingua-2-bert-base-multilingual-cased-meetingbank@main,gpt2
multifieldqa_en,multifieldqa_en-4c9131da4fb2a9dbc8dadce39d20bdc302a092b5740c414a,0.65,0.5792112299465241,-0.07078877005347595,2992,314.2531670164317,llmlingua2,llmlingua-0.2.2,microsoft/llmlingua-2-bert-base-multilingual-cased-meetingbank@main,gpt2
multifieldqa_en,multifieldqa_en-4c9131da4fb2a9dbc8dadce39d20bdc302a092b5740c414a,0.5,0.44184491978609625,-0.058155080213903754,2992,313.07212499086745,llmlingua2,llmlingua-0.2.2,microsoft/llmlingua-2-bert-base-multilingual-cased-meetingbank@main,gpt2
multifieldqa_en,multifieldqa_en-4c9131da4fb2a9dbc8dadce39d20bdc302a092b5740c414a,0.4,0.3502673796791444,-0.049732620320855625,2992,321.3625829957891,llmlingua2,llmlingua-0.2.2,microsoft/llmlingua-2-bert-base-multilingual-cased-meetingbank@main,gpt2
multifieldqa_en,multifieldqa_en-4c9131da4fb2a9dbc8dadce39d20bdc302a092b5740c414a,0.3,0.26036096256684493,-0.039639037433155055,2992,312.68629198893905,llmlingua2,llmlingua-0.2.2,microsoft/llmlingua-2-bert-base-multilingual-cased-meetingbank@main,gpt2
multifieldqa_en,multifieldqa_en-4c9131da4fb2a9dbc8dadce39d20bdc302a092b5740c414a,0.2,0.1711229946524064,-0.028877005347593604,2992,314.10124999820255,llmlingua2,llmlingua-0.2.2,microsoft/llmlingua-2-bert-base-multilingual-cased-meetingbank@main,gpt2
multifieldqa_en,multifieldqa_en-a013f691a7063527fa4e7a4b357081c76656af3cd402a27a,0.8,0.7502742230347349,-0.049725776965265145,2735,330.78229101374745,llmlingua2,llmlingua-0.2.2,microsoft/llmlingua-2-bert-base-multilingual-cased-meetingbank@main,gpt2
multifieldqa_en,multifieldqa_en-a013f691a7063527fa4e7a4b357081c76656af3cd402a27a,0.65,0.5809872029250457,-0.06901279707495434,2735,318.3279170189053,llmlingua2,llmlingua-0.2.2,microsoft/llmlingua-2-bert-base-multilingual-cased-meetingbank@main,gpt2
multifieldqa_en,multifieldqa_en-a013f691a7063527fa4e7a4b357081c76656af3cd402a27a,0.5,0.4325411334552102,-0.06745886654478978,2735,313.98904099478386,llmlingua2,llmlingua-0.2.2,microsoft/llmlingua-2-bert-base-multilingual-cased-meetingbank@main,gpt2
multifieldqa_en,multifieldqa_en-a013f691a7063527fa4e7a4b357081c76656af3cd402a27a,0.4,0.3382084095063985,-0.0617915904936015,2735,328.4990419924725,llmlingua2,llmlingua-0.2.2,microsoft/llmlingua-2-bert-base-multilingual-cased-meetingbank@main,gpt2
multifieldqa_en,multifieldqa_en-a013f691a7063527fa4e7a4b357081c76656af3cd402a27a,0.3,0.2449725776965265,-0.05502742230347349,2735,316.5370420028921,llmlingua2,llmlingua-0.2.2,microsoft/llmlingua-2-bert-base-multilingual-cased-meetingbank@main,gpt2
multifieldqa_en,multifieldqa_en-a013f691a7063527fa4e7a4b357081c76656af3cd402a27a,0.2,0.16051188299817185,-0.039488117001828166,2735,320.34891698276624,llmlingua2,llmlingua-0.2.2,microsoft/llmlingua-2-bert-base-multilingual-cased-meetingbank@main,gpt2
multifieldqa_en,multifieldqa_en-934162f30867844eb8d74c9d62c1e2aba3fca790b5b1d53e,0.8,0.690975387420237,-0.10902461257976304,2194,270.082959003048,llmlingua2,llmlingua-0.2.2,microsoft/llmlingua-2-bert-base-multilingual-cased-meetingbank@main,gpt2
multifieldqa_en,multifieldqa_en-934162f30867844eb8d74c9d62c1e2aba3fca790b5b1d53e,0.65,0.5533272561531449,-0.09667274384685509,2194,268.8838749891147,llmlingua2,llmlingua-0.2.2,microsoft/llmlingua-2-bert-base-multilingual-cased-meetingbank@main,gpt2
multifieldqa_en,multifieldqa_en-934162f30867844eb8d74c9d62c1e2aba3fca790b5b1d53e,0.5,0.422971741112124,-0.07702825888787601,2194,271.7137090221513,llmlingua2,llmlingua-0.2.2,microsoft/llmlingua-2-bert-base-multilingual-cased-meetingbank@main,gpt2
multifieldqa_en,multifieldqa_en-934162f30867844eb8d74c9d62c1e2aba3fca790b5b1d53e,0.4,0.3286235186873291,-0.07137648131267094,2194,267.56666600704193,llmlingua2,llmlingua-0.2.2,microsoft/llmlingua-2-bert-base-multilingual-cased-meetingbank@main,gpt2
multifieldqa_en,multifieldqa_en-934162f30867844eb8d74c9d62c1e2aba3fca790b5b1d53e,0.3,0.24475843208751139,-0.055241567912488604,2194,263.4761249937583,llmlingua2,llmlingua-0.2.2,microsoft/llmlingua-2-bert-base-multilingual-cased-meetingbank@main,gpt2
multifieldqa_en,multifieldqa_en-934162f30867844eb8d74c9d62c1e2aba3fca790b5b1d53e,0.2,0.15998176845943482,-0.04001823154056519,2194,267.9723329783883,llmlingua2,llmlingua-0.2.2,microsoft/llmlingua-2-bert-base-multilingual-cased-meetingbank@main,gpt2
multifieldqa_en,multifieldqa_en-f20114170ce5bb518f17950edb4ef828d980bba0bba01077,0.8,0.690975387420237,-0.10902461257976304,2194,275.0169160135556,llmlingua2,llmlingua-0.2.2,microsoft/llmlingua-2-bert-base-multilingual-cased-meetingbank@main,gpt2
multifieldqa_en,multifieldqa_en-f20114170ce5bb518f17950edb4ef828d980bba0bba01077,0.65,0.5533272561531449,-0.09667274384685509,2194,263.9777089934796,llmlingua2,llmlingua-0.2.2,microsoft/llmlingua-2-bert-base-multilingual-cased-meetingbank@main,gpt2
multifieldqa_en,multifieldqa_en-f20114170ce5bb518f17950edb4ef828d980bba0bba01077,0.5,0.422971741112124,-0.07702825888787601,2194,262.2810830071103,llmlingua2,llmlingua-0.2.2,microsoft/llmlingua-2-bert-base-multilingual-cased-meetingbank@main,gpt2
multifieldqa_en,multifieldqa_en-f20114170ce5bb518f17950edb4ef828d980bba0bba01077,0.4,0.3286235186873291,-0.07137648131267094,2194,273.8547920016572,llmlingua2,llmlingua-0.2.2,microsoft/llmlingua-2-bert-base-multilingual-cased-meetingbank@main,gpt2
multifieldqa_en,multifieldqa_en-f20114170ce5bb518f17950edb4ef828d980bba0bba01077,0.3,0.24475843208751139,-0.055241567912488604,2194,274.8693329922389,llmlingua2,llmlingua-0.2.2,microsoft/llmlingua-2-bert-base-multilingual-cased-meetingbank@main,gpt2
multifieldqa_en,multifieldqa_en-f20114170ce5bb518f17950edb4ef828d980bba0bba01077,0.2,0.15998176845943482,-0.04001823154056519,2194,263.0150839977432,llmlingua2,llmlingua-0.2.2,microsoft/llmlingua-2-bert-base-multilingual-cased-meetingbank@main,gpt2
multifieldqa_en,multifieldqa_en-f01044ae4abc16064872421a7dc9b21c98dc2bb4f4b5351a,0.8,0.690975387420237,-0.10902461257976304,2194,267.0358750037849,llmlingua2,llmlingua-0.2.2,microsoft/llmlingua-2-bert-base-multilingual-cased-meetingbank@main,gpt2
multifieldqa_en,multifieldqa_en-f01044ae4abc16064872421a7dc9b21c98dc2bb4f4b5351a,0.65,0.5533272561531449,-0.09667274384685509,2194,270.8687919948716,llmlingua2,llmlingua-0.2.2,microsoft/llmlingua-2-bert-base-multilingual-cased-meetingbank@main,gpt2
multifieldqa_en,multifieldqa_en-f01044ae4abc16064872421a7dc9b21c98dc2bb4f4b5351a,0.5,0.422971741112124,-0.07702825888787601,2194,269.58225000998937,llmlingua2,llmlingua-0.2.2,microsoft/llmlingua-2-bert-base-multilingual-cased-meetingbank@main,gpt2
multifieldqa_en,multifieldqa_en-f01044ae4abc16064872421a7dc9b21c98dc2bb4f4b5351a,0.4,0.3286235186873291,-0.07137648131267094,2194,276.0027500044089,llmlingua2,llmlingua-0.2.2,microsoft/llmlingua-2-bert-base-multilingual-cased-meetingbank@main,gpt2
multifieldqa_en,multifieldqa_en-f01044ae4abc16064872421a7dc9b21c98dc2bb4f4b5351a,0.3,0.24475843208751139,-0.055241567912488604,2194,279.53500000876375,llmlingua2,llmlingua-0.2.2,microsoft/llmlingua-2-bert-base-multilingual-cased-meetingbank@main,gpt2
multifieldqa_en,multifieldqa_en-f01044ae4abc16064872421a7dc9b21c98dc2bb4f4b5351a,0.2,0.15998176845943482,-0.04001823154056519,2194,271.11579198390245,llmlingua2,llmlingua-0.2.2,microsoft/llmlingua-2-bert-base-multilingual-cased-meetingbank@main,gpt2
multifieldqa_en,multifieldqa_en-fc1544761460f97af3a338bbf3e3c648c00ec27b8b297069,0.8,0.690975387420237,-0.10902461257976304,2194,275.6284999777563,llmlingua2,llmlingua-0.2.2,microsoft/llmlingua-2-bert-base-multilingual-cased-meetingbank@main,gpt2
multifieldqa_en,multifieldqa_en-fc1544761460f97af3a338bbf3e3c648c00ec27b8b297069,0.65,0.5533272561531449,-0.09667274384685509,2194,295.03216699231416,llmlingua2,llmlingua-0.2.2,microsoft/llmlingua-2-bert-base-multilingual-cased-meetingbank@main,gpt2
multifieldqa_en,multifieldqa_en-fc1544761460f97af3a338bbf3e3c648c00ec27b8b297069,0.5,0.422971741112124,-0.07702825888787601,2194,270.20879098563455,llmlingua2,llmlingua-0.2.2,microsoft/llmlingua-2-bert-base-multilingual-cased-meetingbank@main,gpt2
multifieldqa_en,multifieldqa_en-fc1544761460f97af3a338bbf3e3c648c00ec27b8b297069,0.4,0.3286235186873291,-0.07137648131267094,2194,272.74558300268836,llmlingua2,llmlingua-0.2.2,microsoft/llmlingua-2-bert-base-multilingual-cased-meetingbank@main,gpt2
multifieldqa_en,multifieldqa_en-fc1544761460f97af3a338bbf3e3c648c00ec27b8b297069,0.3,0.24475843208751139,-0.055241567912488604,2194,277.3379999853205,llmlingua2,llmlingua-0.2.2,microsoft/llmlingua-2-bert-base-multilingual-cased-meetingbank@main,gpt2
multifieldqa_en,multifieldqa_en-fc1544761460f97af3a338bbf3e3c648c00ec27b8b297069,0.2,0.15998176845943482,-0.04001823154056519,2194,268.59783299732953,llmlingua2,llmlingua-0.2.2,microsoft/llmlingua-2-bert-base-multilingual-cased-meetingbank@main,gpt2
multifieldqa_en,multifieldqa_en-470018af720bc15decf8f7a9643250c9a6548c8efeb394cd,0.8,0.75,-0.050000000000000044,2740,339.3440000072587,llmlingua2,llmlingua-0.2.2,microsoft/llmlingua-2-bert-base-multilingual-cased-meetingbank@main,gpt2
multifieldqa_en,multifieldqa_en-470018af720bc15decf8f7a9643250c9a6548c8efeb394cd,0.65,0.5806569343065694,-0.06934306569343063,2740,333.8353750004899,llmlingua2,llmlingua-0.2.2,microsoft/llmlingua-2-bert-base-multilingual-cased-meetingbank@main,gpt2
multifieldqa_en,multifieldqa_en-470018af720bc15decf8f7a9643250c9a6548c8efeb394cd,0.5,0.4317518248175182,-0.06824817518248177,2740,337.39937501377426,llmlingua2,llmlingua-0.2.2,microsoft/llmlingua-2-bert-base-multilingual-cased-meetingbank@main,gpt2
multifieldqa_en,multifieldqa_en-470018af720bc15decf8f7a9643250c9a6548c8efeb394cd,0.4,0.33795620437956203,-0.06204379562043799,2740,331.35466699604876,llmlingua2,llmlingua-0.2.2,microsoft/llmlingua-2-bert-base-multilingual-cased-meetingbank@main,gpt2
multifieldqa_en,multifieldqa_en-470018af720bc15decf8f7a9643250c9a6548c8efeb394cd,0.3,0.24525547445255474,-0.054744525547445244,2740,332.1819579869043,llmlingua2,llmlingua-0.2.2,microsoft/llmlingua-2-bert-base-multilingual-cased-meetingbank@main,gpt2
multifieldqa_en,multifieldqa_en-470018af720bc15decf8f7a9643250c9a6548c8efeb394cd,0.2,0.16131386861313868,-0.03868613138686133,2740,325.70345801650546,llmlingua2,llmlingua-0.2.2,microsoft/llmlingua-2-bert-base-multilingual-cased-meetingbank@main,gpt2
multifieldqa_en,multifieldqa_en-2d48bbc2bd6052c5e67824752a9296cbbc26351616cd6d7e,0.8,0.7502738225629791,-0.0497261774370209,2739,337.2656659921631,llmlingua2,llmlingua-0.2.2,microsoft/llmlingua-2-bert-base-multilingual-cased-meetingbank@main,gpt2
multifieldqa_en,multifieldqa_en-2d48bbc2bd6052c5e67824752a9296cbbc26351616cd6d7e,0.65,0.5808689302665206,-0.06913106973347938,2739,325.4411660018377,llmlingua2,llmlingua-0.2.2,microsoft/llmlingua-2-bert-base-multilingual-cased-meetingbank@main,gpt2
multifieldqa_en,multifieldqa_en-2d48bbc2bd6052c5e67824752a9296cbbc26351616cd6d7e,0.5,0.43263964950711936,-0.06736035049288064,2739,330.894041020656,llmlingua2,llmlingua-0.2.2,microsoft/llmlingua-2-bert-base-multilingual-cased-meetingbank@main,gpt2
multifieldqa_en,multifieldqa_en-2d48bbc2bd6052c5e67824752a9296cbbc26351616cd6d7e,0.4,0.33807959109163926,-0.06192040890836076,2739,325.2423749945592,llmlingua2,llmlingua-0.2.2,microsoft/llmlingua-2-bert-base-multilingual-cased-meetingbank@main,gpt2
multifieldqa_en,multifieldqa_en-2d48bbc2bd6052c5e67824752a9296cbbc26351616cd6d7e,0.3,0.24534501642935377,-0.054654983570646215,2739,332.9691249819007,llmlingua2,llmlingua-0.2.2,microsoft/llmlingua-2-bert-base-multilingual-cased-meetingbank@main,gpt2
multifieldqa_en,multifieldqa_en-2d48bbc2bd6052c5e67824752a9296cbbc26351616cd6d7e,0.2,0.1606425702811245,-0.039357429718875514,2739,332.4712079775054,llmlingua2,llmlingua-0.2.2,microsoft/llmlingua-2-bert-base-multilingual-cased-meetingbank@main,gpt2
multifieldqa_en,multifieldqa_en-edbbdb9727c3a51310d24895d08c5a90673cb9d514770878,0.8,0.7903497682258744,-0.009650231774125606,4746,606.7994170007296,llmlingua2,llmlingua-0.2.2,microsoft/llmlingua-2-bert-base-multilingual-cased-meetingbank@main,gpt2
multifieldqa_en,multifieldqa_en-edbbdb9727c3a51310d24895d08c5a90673cb9d514770878,0.65,0.6188369152970923,-0.03116308470290774,4746,605.1850829971954,llmlingua2,llmlingua-0.2.2,microsoft/llmlingua-2-bert-base-multilingual-cased-meetingbank@main,gpt2
multifieldqa_en,multifieldqa_en-edbbdb9727c3a51310d24895d08c5a90673cb9d514770878,0.5,0.47008006742520014,-0.029919932574799857,4746,594.828957982827,llmlingua2,llmlingua-0.2.2,microsoft/llmlingua-2-bert-base-multilingual-cased-meetingbank@main,gpt2
multifieldqa_en,multifieldqa_en-edbbdb9727c3a51310d24895d08c5a90673cb9d514770878,0.4,0.37673830594184576,-0.02326169405815426,4746,604.2635000194423,llmlingua2,llmlingua-0.2.2,microsoft/llmlingua-2-bert-base-multilingual-cased-meetingbank@main,gpt2
multifieldqa_en,multifieldqa_en-edbbdb9727c3a51310d24895d08c5a90673cb9d514770878,0.3,0.2804466919511167,-0.019553308048883278,4746,599.7222500154749,llmlingua2,llmlingua-0.2.2,microsoft/llmlingua-2-bert-base-multilingual-cased-meetingbank@main,gpt2
multifieldqa_en,multifieldqa_en-edbbdb9727c3a51310d24895d08c5a90673cb9d514770878,0.2,0.18668352296670881,-0.013316477033291196,4746,602.4343330063857,llmlingua2,llmlingua-0.2.2,microsoft/llmlingua-2-bert-base-multilingual-cased-meetingbank@main,gpt2
multifieldqa_en,multifieldqa_en-b41aef2d0475f46a78a3168c6c8a614170975f82507cf2e4,0.8,0.7864112116373958,-0.013588788362604243,5637,463.91550000407733,llmlingua2,llmlingua-0.2.2,microsoft/llmlingua-2-bert-base-multilingual-cased-meetingbank@main,gpt2
multifieldqa_en,multifieldqa_en-b41aef2d0475f46a78a3168c6c8a614170975f82507cf2e4,0.65,0.6248004257583821,-0.025199574241617895,5637,443.7512500153389,llmlingua2,llmlingua-0.2.2,microsoft/llmlingua-2-bert-base-multilingual-cased-meetingbank@main,gpt2
multifieldqa_en,multifieldqa_en-b41aef2d0475f46a78a3168c6c8a614170975f82507cf2e4,0.5,0.47117260954408374,-0.028827390455916257,5637,449.0494589845184,llmlingua2,llmlingua-0.2.2,microsoft/llmlingua-2-bert-base-multilingual-cased-meetingbank@main,gpt2
multifieldqa_en,multifieldqa_en-b41aef2d0475f46a78a3168c6c8a614170975f82507cf2e4,0.4,0.37360298030867484,-0.026397019691325185,5637,446.9948750047479,llmlingua2,llmlingua-0.2.2,microsoft/llmlingua-2-bert-base-multilingual-cased-meetingbank@main,gpt2
multifieldqa_en,multifieldqa_en-b41aef2d0475f46a78a3168c6c8a614170975f82507cf2e4,0.3,0.27550115309561823,-0.024498846904381755,5637,438.5781250020955,llmlingua2,llmlingua-0.2.2,microsoft/llmlingua-2-bert-base-multilingual-cased-meetingbank@main,gpt2
multifieldqa_en,multifieldqa_en-b41aef2d0475f46a78a3168c6c8a614170975f82507cf2e4,0.2,0.1766897285790314,-0.023310271420968615,5637,444.05241700587794,llmlingua2,llmlingua-0.2.2,microsoft/llmlingua-2-bert-base-multilingual-cased-meetingbank@main,gpt2
multifieldqa_en,multifieldqa_en-048c12357868d908dfb979ef3c5c6cf7f6d85053acf1cac4,0.8,0.7863459497700743,-0.013654050229925718,5654,745.2020409982651,llmlingua2,llmlingua-0.2.2,microsoft/llmlingua-2-bert-base-multilingual-cased-meetingbank@main,gpt2
multifieldqa_en,multifieldqa_en-048c12357868d908dfb979ef3c5c6cf7f6d85053acf1cac4,0.65,0.6059426954368589,-0.044057304563141164,5654,731.7869169928599,llmlingua2,llmlingua-0.2.2,microsoft/llmlingua-2-bert-base-multilingual-cased-meetingbank@main,gpt2
multifieldqa_en,multifieldqa_en-048c12357868d908dfb979ef3c5c6cf7f6d85053acf1cac4,0.5,0.45065440396179696,-0.04934559603820304,5654,737.9639999999199,llmlingua2,llmlingua-0.2.2,microsoft/llmlingua-2-bert-base-multilingual-cased-meetingbank@main,gpt2
multifieldqa_en,multifieldqa_en-048c12357868d908dfb979ef3c5c6cf7f6d85053acf1cac4,0.4,0.35090201627166606,-0.04909798372833396,5654,719.1648749867454,llmlingua2,llmlingua-0.2.2,microsoft/llmlingua-2-bert-base-multilingual-cased-meetingbank@main,gpt2
multifieldqa_en,multifieldqa_en-048c12357868d908dfb979ef3c5c6cf7f6d85053acf1cac4,0.3,0.2555712769720552,-0.044428723027944816,5654,730.4572080029175,llmlingua2,llmlingua-0.2.2,microsoft/llmlingua-2-bert-base-multilingual-cased-meetingbank@main,gpt2
multifieldqa_en,multifieldqa_en-048c12357868d908dfb979ef3c5c6cf7f6d85053acf1cac4,0.2,0.16289352670675628,-0.037106473293243736,5654,715.8989170275163,llmlingua2,llmlingua-0.2.2,microsoft/llmlingua-2-bert-base-multilingual-cased-meetingbank@main,gpt2
multifieldqa_en,multifieldqa_en-322b4b2b074049aac101086797d655a21671ef5a9f366353,0.8,0.7823652904128762,-0.017634709587123876,1429,214.5477920130361,llmlingua2,llmlingua-0.2.2,microsoft/llmlingua-2-bert-base-multilingual-cased-meetingbank@main,gpt2
multifieldqa_en,multifieldqa_en-322b4b2b074049aac101086797d655a21671ef5a9f366353,0.65,0.6284114765570329,-0.021588523442967134,1429,217.39462498226203,llmlingua2,llmlingua-0.2.2,microsoft/llmlingua-2-bert-base-multilingual-cased-meetingbank@main,gpt2
multifieldqa_en,multifieldqa_en-322b4b2b074049aac101086797d655a21671ef5a9f366353,0.5,0.47795661301609516,-0.022043386983904845,1429,224.47295900201425,llmlingua2,llmlingua-0.2.2,microsoft/llmlingua-2-bert-base-multilingual-cased-meetingbank@main,gpt2
multifieldqa_en,multifieldqa_en-322b4b2b074049aac101086797d655a21671ef5a9f366353,0.4,0.38488453463960814,-0.015115465360391878,1429,224.06629199394956,llmlingua2,llmlingua-0.2.2,microsoft/llmlingua-2-bert-base-multilingual-cased-meetingbank@main,gpt2
multifieldqa_en,multifieldqa_en-322b4b2b074049aac101086797d655a21671ef5a9f366353,0.3,0.28481455563331,-0.015185444366690004,1429,226.58029201556928,llmlingua2,llmlingua-0.2.2,microsoft/llmlingua-2-bert-base-multilingual-cased-meetingbank@main,gpt2
multifieldqa_en,multifieldqa_en-322b4b2b074049aac101086797d655a21671ef5a9f366353,0.2,0.18824352694191743,-0.011756473058082584,1429,221.96087500196882,llmlingua2,llmlingua-0.2.2,microsoft/llmlingua-2-bert-base-multilingual-cased-meetingbank@main,gpt2
multifieldqa_en,multifieldqa_en-22034e095a602824678c4028e6f605919ce520270dc06089,0.8,0.7823652904128762,-0.017634709587123876,1429,218.69091599364765,llmlingua2,llmlingua-0.2.2,microsoft/llmlingua-2-bert-base-multilingual-cased-meetingbank@main,gpt2
multifieldqa_en,multifieldqa_en-22034e095a602824678c4028e6f605919ce520270dc06089,0.65,0.6284114765570329,-0.021588523442967134,1429,223.27366698300466,llmlingua2,llmlingua-0.2.2,microsoft/llmlingua-2-bert-base-multilingual-cased-meetingbank@main,gpt2
multifieldqa_en,multifieldqa_en-22034e095a602824678c4028e6f605919ce520270dc06089,0.5,0.47795661301609516,-0.022043386983904845,1429,223.19650001008995,llmlingua2,llmlingua-0.2.2,microsoft/llmlingua-2-bert-base-multilingual-cased-meetingbank@main,gpt2
multifieldqa_en,multifieldqa_en-22034e095a602824678c4028e6f605919ce520270dc06089,0.4,0.38488453463960814,-0.015115465360391878,1429,222.0920830150135,llmlingua2,llmlingua-0.2.2,microsoft/llmlingua-2-bert-base-multilingual-cased-meetingbank@main,gpt2
multifieldqa_en,multifieldqa_en-22034e095a602824678c4028e6f605919ce520270dc06089,0.3,0.28481455563331,-0.015185444366690004,1429,218.90408400213346,llmlingua2,llmlingua-0.2.2,microsoft/llmlingua-2-bert-base-multilingual-cased-meetingbank@main,gpt2
multifieldqa_en,multifieldqa_en-22034e095a602824678c4028e6f605919ce520270dc06089,0.2,0.18824352694191743,-0.011756473058082584,1429,224.370749987429,llmlingua2,llmlingua-0.2.2,microsoft/llmlingua-2-bert-base-multilingual-cased-meetingbank@main,gpt2
multifieldqa_en,multifieldqa_en-462011b6f9beb976aaf7b38082bcf7d70a91c3c74d2c6e95,0.8,0.7381363244176014,-0.06186367558239869,4636,572.8351669968106,llmlingua2,llmlingua-0.2.2,microsoft/llmlingua-2-bert-base-multilingual-cased-meetingbank@main,gpt2
multifieldqa_en,multifieldqa_en-462011b6f9beb976aaf7b38082bcf7d70a91c3c74d2c6e95,0.65,0.5703192407247627,-0.07968075927523732,4636,568.2614170073066,llmlingua2,llmlingua-0.2.2,microsoft/llmlingua-2-bert-base-multilingual-cased-meetingbank@main,gpt2
multifieldqa_en,multifieldqa_en-462011b6f9beb976aaf7b38082bcf7d70a91c3c74d2c6e95,0.5,0.42795513373597927,-0.07204486626402073,4636,585.7811659807339,llmlingua2,llmlingua-0.2.2,microsoft/llmlingua-2-bert-base-multilingual-cased-meetingbank@main,gpt2
multifieldqa_en,multifieldqa_en-462011b6f9beb976aaf7b38082bcf7d70a91c3c74d2c6e95,0.4,0.337144089732528,-0.062855910267472,4636,581.5772909845691,llmlingua2,llmlingua-0.2.2,microsoft/llmlingua-2-bert-base-multilingual-cased-meetingbank@main,gpt2
multifieldqa_en,multifieldqa_en-462011b6f9beb976aaf7b38082bcf7d70a91c3c74d2c6e95,0.3,0.24849007765314926,-0.05150992234685073,4636,572.2741250065155,llmlingua2,llmlingua-0.2.2,microsoft/llmlingua-2-bert-base-multilingual-cased-meetingbank@main,gpt2
multifieldqa_en,multifieldqa_en-462011b6f9beb976aaf7b38082bcf7d70a91c3c74d2c6e95,0.2,0.16544434857635892,-0.03455565142364109,4636,583.0664170207456,llmlingua2,llmlingua-0.2.2,microsoft/llmlingua-2-bert-base-multilingual-cased-meetingbank@main,gpt2
multifieldqa_en,multifieldqa_en-73debbba53d5848cdc1e726c047bb0b82c5730d747fa710c,0.8,0.7381363244176014,-0.06186367558239869,4636,570.511500001885,llmlingua2,llmlingua-0.2.2,microsoft/llmlingua-2-bert-base-multilingual-cased-meetingbank@main,gpt2
multifieldqa_en,multifieldqa_en-73debbba53d5848cdc1e726c047bb0b82c5730d747fa710c,0.65,0.5703192407247627,-0.07968075927523732,4636,564.6369579771999,llmlingua2,llmlingua-0.2.2,microsoft/llmlingua-2-bert-base-multilingual-cased-meetingbank@main,gpt2
multifieldqa_en,multifieldqa_en-73debbba53d5848cdc1e726c047bb0b82c5730d747fa710c,0.5,0.42795513373597927,-0.07204486626402073,4636,566.8836669938173,llmlingua2,llmlingua-0.2.2,microsoft/llmlingua-2-bert-base-multilingual-cased-meetingbank@main,gpt2
multifieldqa_en,multifieldqa_en-73debbba53d5848cdc1e726c047bb0b82c5730d747fa710c,0.4,0.337144089732528,-0.062855910267472,4636,582.5078749912791,llmlingua2,llmlingua-0.2.2,microsoft/llmlingua-2-bert-base-multilingual-cased-meetingbank@main,gpt2
multifieldqa_en,multifieldqa_en-73debbba53d5848cdc1e726c047bb0b82c5730d747fa710c,0.3,0.24849007765314926,-0.05150992234685073,4636,571.1485419888049,llmlingua2,llmlingua-0.2.2,microsoft/llmlingua-2-bert-base-multilingual-cased-meetingbank@main,gpt2
multifieldqa_en,multifieldqa_en-73debbba53d5848cdc1e726c047bb0b82c5730d747fa710c,0.2,0.16544434857635892,-0.03455565142364109,4636,587.035290984204,llmlingua2,llmlingua-0.2.2,microsoft/llmlingua-2-bert-base-multilingual-cased-meetingbank@main,gpt2
multifieldqa_en,multifieldqa_en-4d6cd243b10a8460d2e2239182b797420ccc36335a74d23e,0.8,0.7672301690507152,-0.03276983094928487,5383,714.1087919881102,llmlingua2,llmlingua-0.2.2,microsoft/llmlingua-2-bert-base-multilingual-cased-meetingbank@main,gpt2
multifieldqa_en,multifieldqa_en-4d6cd243b10a8460d2e2239182b797420ccc36335a74d23e,0.65,0.6106260449563441,-0.03937395504365593,5383,699.6129589970224,llmlingua2,llmlingua-0.2.2,microsoft/llmlingua-2-bert-base-multilingual-cased-meetingbank@main,gpt2
multifieldqa_en,multifieldqa_en-4d6cd243b10a8460d2e2239182b797420ccc36335a74d23e,0.5,0.4686977521827977,-0.03130224781720231,5383,682.1585419820622,llmlingua2,llmlingua-0.2.2,microsoft/llmlingua-2-bert-base-multilingual-cased-meetingbank@main,gpt2
multifieldqa_en,multifieldqa_en-4d6cd243b10a8460d2e2239182b797420ccc36335a74d23e,0.4,0.3732119635890767,-0.02678803641092331,5383,685.1201670069713,llmlingua2,llmlingua-0.2.2,microsoft/llmlingua-2-bert-base-multilingual-cased-meetingbank@main,gpt2
multifieldqa_en,multifieldqa_en-4d6cd243b10a8460d2e2239182b797420ccc36335a74d23e,0.3,0.28125580531302247,-0.018744194686977522,5383,683.6261250136886,llmlingua2,llmlingua-0.2.2,microsoft/llmlingua-2-bert-base-multilingual-cased-meetingbank@main,gpt2
multifieldqa_en,multifieldqa_en-4d6cd243b10a8460d2e2239182b797420ccc36335a74d23e,0.2,0.1855842467025822,-0.014415753297417816,5383,688.6361669749022,llmlingua2,llmlingua-0.2.2,microsoft/llmlingua-2-bert-base-multilingual-cased-meetingbank@main,gpt2
multifieldqa_en,multifieldqa_en-74334862b5d8e2a02deb3c24aa90d5339e443fbc412453b8,0.8,0.7722178785509513,-0.02778212144904879,3837,526.3138750160579,llmlingua2,llmlingua-0.2.2,microsoft/llmlingua-2-bert-base-multilingual-cased-meetingbank@main,gpt2
multifieldqa_en,multifieldqa_en-74334862b5d8e2a02deb3c24aa90d5339e443fbc412453b8,0.65,0.6007297367735209,-0.049270263226479094,3837,523.8208750088234,llmlingua2,llmlingua-0.2.2,microsoft/llmlingua-2-bert-base-multilingual-cased-meetingbank@main,gpt2
multifieldqa_en,multifieldqa_en-74334862b5d8e2a02deb3c24aa90d5339e443fbc412453b8,0.5,0.4461819129528277,-0.05381808704717228,3837,520.858749980107,llmlingua2,llmlingua-0.2.2,microsoft/llmlingua-2-bert-base-multilingual-cased-meetingbank@main,gpt2
multifieldqa_en,multifieldqa_en-74334862b5d8e2a02deb3c24aa90d5339e443fbc412453b8,0.4,0.34636434714620795,-0.05363565285379207,3837,517.2224160050973,llmlingua2,llmlingua-0.2.2,microsoft/llmlingua-2-bert-base-multilingual-cased-meetingbank@main,gpt2
multifieldqa_en,multifieldqa_en-74334862b5d8e2a02deb3c24aa90d5339e443fbc412453b8,0.3,0.24915298410216316,-0.05084701589783683,3837,512.4063330003992,llmlingua2,llmlingua-0.2.2,microsoft/llmlingua-2-bert-base-multilingual-cased-meetingbank@main,gpt2
multifieldqa_en,multifieldqa_en-74334862b5d8e2a02deb3c24aa90d5339e443fbc412453b8,0.2,0.16158457127964557,-0.038415428720354444,3837,523.2012500055134,llmlingua2,llmlingua-0.2.2,microsoft/llmlingua-2-bert-base-multilingual-cased-meetingbank@main,gpt2
multifieldqa_en,multifieldqa_en-751053416f74a11311a13e801634fff8fd48649d3921b368,0.8,0.7722178785509513,-0.02778212144904879,3837,514.5696249965113,llmlingua2,llmlingua-0.2.2,microsoft/llmlingua-2-bert-base-multilingual-cased-meetingbank@main,gpt2
multifieldqa_en,multifieldqa_en-751053416f74a11311a13e801634fff8fd48649d3921b368,0.65,0.6007297367735209,-0.049270263226479094,3837,512.7748329832684,llmlingua2,llmlingua-0.2.2,microsoft/llmlingua-2-bert-base-multilingual-cased-meetingbank@main,gpt2
multifieldqa_en,multifieldqa_en-751053416f74a11311a13e801634fff8fd48649d3921b368,0.5,0.4461819129528277,-0.05381808704717228,3837,511.14516699453816,llmlingua2,llmlingua-0.2.2,microsoft/llmlingua-2-bert-base-multilingual-cased-meetingbank@main,gpt2
multifieldqa_en,multifieldqa_en-751053416f74a11311a13e801634fff8fd48649d3921b368,0.4,0.34636434714620795,-0.05363565285379207,3837,513.4313750022557,llmlingua2,llmlingua-0.2.2,microsoft/llmlingua-2-bert-base-multilingual-cased-meetingbank@main,gpt2
multifieldqa_en,multifieldqa_en-751053416f74a11311a13e801634fff8fd48649d3921b368,0.3,0.24915298410216316,-0.05084701589783683,3837,513.0306250066496,llmlingua2,llmlingua-0.2.2,microsoft/llmlingua-2-bert-base-multilingual-cased-meetingbank@main,gpt2
multifieldqa_en,multifieldqa_en-751053416f74a11311a13e801634fff8fd48649d3921b368,0.2,0.16158457127964557,-0.038415428720354444,3837,516.8892499932554,llmlingua2,llmlingua-0.2.2,microsoft/llmlingua-2-bert-base-multilingual-cased-meetingbank@main,gpt2
multifieldqa_en,multifieldqa_en-191c14b84f0c8cdad3297f2bee552fb089178995208d7185,0.8,0.7718315301391035,-0.028168469860896495,5176,636.7249590111896,llmlingua2,llmlingua-0.2.2,microsoft/llmlingua-2-bert-base-multilingual-cased-meetingbank@main,gpt2
multifieldqa_en,multifieldqa_en-191c14b84f0c8cdad3297f2bee552fb089178995208d7185,0.65,0.6174652241112828,-0.03253477588871723,5176,634.4295829767361,llmlingua2,llmlingua-0.2.2,microsoft/llmlingua-2-bert-base-multilingual-cased-meetingbank@main,gpt2
multifieldqa_en,multifieldqa_en-191c14b84f0c8cdad3297f2bee552fb089178995208d7185,0.5,0.473145285935085,-0.02685471406491502,5176,644.7140830277931,llmlingua2,llmlingua-0.2.2,microsoft/llmlingua-2-bert-base-multilingual-cased-meetingbank@main,gpt2
multifieldqa_en,multifieldqa_en-191c14b84f0c8cdad3297f2bee552fb089178995208d7185,0.4,0.37731839258114375,-0.022681607418856276,5176,640.8140000130516,llmlingua2,llmlingua-0.2.2,microsoft/llmlingua-2-bert-base-multilingual-cased-meetingbank@main,gpt2
multifieldqa_en,multifieldqa_en-191c14b84f0c8cdad3297f2bee552fb089178995208d7185,0.3,0.28013910355486865,-0.019860896445131337,5176,633.5999160073698,llmlingua2,llmlingua-0.2.2,microsoft/llmlingua-2-bert-base-multilingual-cased-meetingbank@main,gpt2
multifieldqa_en,multifieldqa_en-191c14b84f0c8cdad3297f2bee552fb089178995208d7185,0.2,0.1831530139103555,-0.016846986089644522,5176,659.4447499956004,llmlingua2,llmlingua-0.2.2,microsoft/llmlingua-2-bert-base-multilingual-cased-meetingbank@main,gpt2
multifieldqa_en,multifieldqa_en-92bf77fcae3c753b768f1289eeb1e899fc8e75a14509a5f9,0.8,0.7269681742043551,-0.07303182579564493,2985,357.54466700018384,llmlingua2,llmlingua-0.2.2,microsoft/llmlingua-2-bert-base-multilingual-cased-meetingbank@main,gpt2
multifieldqa_en,multifieldqa_en-92bf77fcae3c753b768f1289eeb1e899fc8e75a14509a5f9,0.65,0.5778894472361809,-0.07211055276381917,2985,364.4580410036724,llmlingua2,llmlingua-0.2.2,microsoft/llmlingua-2-bert-base-multilingual-cased-meetingbank@main,gpt2
multifieldqa_en,multifieldqa_en-92bf77fcae3c753b768f1289eeb1e899fc8e75a14509a5f9,0.5,0.44187604690117255,-0.05812395309882745,2985,361.5602499921806,llmlingua2,llmlingua-0.2.2,microsoft/llmlingua-2-bert-base-multilingual-cased-meetingbank@main,gpt2
multifieldqa_en,multifieldqa_en-92bf77fcae3c753b768f1289eeb1e899fc8e75a14509a5f9,0.4,0.3500837520938023,-0.0499162479061977,2985,364.3140000058338,llmlingua2,llmlingua-0.2.2,microsoft/llmlingua-2-bert-base-multilingual-cased-meetingbank@main,gpt2
multifieldqa_en,multifieldqa_en-92bf77fcae3c753b768f1289eeb1e899fc8e75a14509a5f9,0.3,0.25996649916247905,-0.04003350083752094,2985,353.3775410032831,llmlingua2,llmlingua-0.2.2,microsoft/llmlingua-2-bert-base-multilingual-cased-meetingbank@main,gpt2
multifieldqa_en,multifieldqa_en-92bf77fcae3c753b768f1289eeb1e899fc8e75a14509a5f9,0.2,0.17051926298157455,-0.029480737018425462,2985,361.20508299791254,llmlingua2,llmlingua-0.2.2,microsoft/llmlingua-2-bert-base-multilingual-cased-meetingbank@main,gpt2
multifieldqa_en,multifieldqa_en-71902c8027dca26b265f12709ec21224b5abe8b9ef5750fd,0.8,0.7269681742043551,-0.07303182579564493,2985,368.684959015809,llmlingua2,llmlingua-0.2.2,microsoft/llmlingua-2-bert-base-multilingual-cased-meetingbank@main,gpt2
multifieldqa_en,multifieldqa_en-71902c8027dca26b265f12709ec21224b5abe8b9ef5750fd,0.65,0.5778894472361809,-0.07211055276381917,2985,357.758708007168,llmlingua2,llmlingua-0.2.2,microsoft/llmlingua-2-bert-base-multilingual-cased-meetingbank@main,gpt2
multifieldqa_en,multifieldqa_en-71902c8027dca26b265f12709ec21224b5abe8b9ef5750fd,0.5,0.44187604690117255,-0.05812395309882745,2985,362.68212500726804,llmlingua2,llmlingua-0.2.2,microsoft/llmlingua-2-bert-base-multilingual-cased-meetingbank@main,gpt2
multifieldqa_en,multifieldqa_en-71902c8027dca26b265f12709ec21224b5abe8b9ef5750fd,0.4,0.3500837520938023,-0.0499162479061977,2985,361.57545901369303,llmlingua2,llmlingua-0.2.2,microsoft/llmlingua-2-bert-base-multilingual-cased-meetingbank@main,gpt2
multifieldqa_en,multifieldqa_en-71902c8027dca26b265f12709ec21224b5abe8b9ef5750fd,0.3,0.25996649916247905,-0.04003350083752094,2985,370.0274580041878,llmlingua2,llmlingua-0.2.2,microsoft/llmlingua-2-bert-base-multilingual-cased-meetingbank@main,gpt2
multifieldqa_en,multifieldqa_en-71902c8027dca26b265f12709ec21224b5abe8b9ef5750fd,0.2,0.17051926298157455,-0.029480737018425462,2985,356.7450000264216,llmlingua2,llmlingua-0.2.2,microsoft/llmlingua-2-bert-base-multilingual-cased-meetingbank@main,gpt2
multifieldqa_en,multifieldqa_en-daa4eb9d8b28a987b1c2c049200634cdc510636b19a64ccd,0.8,0.7590551181102362,-0.04094488188976386,5715,841.8213749828283,llmlingua2,llmlingua-0.2.2,microsoft/llmlingua-2-bert-base-multilingual-cased-meetingbank@main,gpt2
multifieldqa_en,multifieldqa_en-daa4eb9d8b28a987b1c2c049200634cdc510636b19a64ccd,0.65,0.5907261592300962,-0.05927384076990383,5715,996.0302500112448,llmlingua2,llmlingua-0.2.2,microsoft/llmlingua-2-bert-base-multilingual-cased-meetingbank@main,gpt2
multifieldqa_en,multifieldqa_en-daa4eb9d8b28a987b1c2c049200634cdc510636b19a64ccd,0.5,0.44636920384951884,-0.053630796150481164,5715,795.9217920142692,llmlingua2,llmlingua-0.2.2,microsoft/llmlingua-2-bert-base-multilingual-cased-meetingbank@main,gpt2
multifieldqa_en,multifieldqa_en-daa4eb9d8b28a987b1c2c049200634cdc510636b19a64ccd,0.4,0.35590551181102364,-0.04409448818897638,5715,836.2810419930611,llmlingua2,llmlingua-0.2.2,microsoft/llmlingua-2-bert-base-multilingual-cased-meetingbank@main,gpt2
multifieldqa_en,multifieldqa_en-daa4eb9d8b28a987b1c2c049200634cdc510636b19a64ccd,0.3,0.2635170603674541,-0.0364829396325459,5715,818.6432920047082,llmlingua2,llmlingua-0.2.2,microsoft/llmlingua-2-bert-base-multilingual-cased-meetingbank@main,gpt2
multifieldqa_en,multifieldqa_en-daa4eb9d8b28a987b1c2c049200634cdc510636b19a64ccd,0.2,0.17375328083989502,-0.026246719160104987,5715,824.1090829833411,llmlingua2,llmlingua-0.2.2,microsoft/llmlingua-2-bert-base-multilingual-cased-meetingbank@main,gpt2
multifieldqa_en,multifieldqa_en-ed61bdde19a3446389e989c06ab4209f464f9484d42dbd1c,0.8,0.8363047001620746,0.036304700162074544,1851,241.26845799037255,llmlingua2,llmlingua-0.2.2,microsoft/llmlingua-2-bert-base-multilingual-cased-meetingbank@main,gpt2
multifieldqa_en,multifieldqa_en-ed61bdde19a3446389e989c06ab4209f464f9484d42dbd1c,0.65,0.6455969746083198,-0.004403025391680249,1851,245.8372499968391,llmlingua2,llmlingua-0.2.2,microsoft/llmlingua-2-bert-base-multilingual-cased-meetingbank@main,gpt2
multifieldqa_en,multifieldqa_en-ed61bdde19a3446389e989c06ab4209f464f9484d42dbd1c,0.5,0.47541869259859537,-0.02458130740140463,1851,244.6369999961462,llmlingua2,llmlingua-0.2.2,microsoft/llmlingua-2-bert-base-multilingual-cased-meetingbank@main,gpt2
multifieldqa_en,multifieldqa_en-ed61bdde19a3446389e989c06ab4209f464f9484d42dbd1c,0.4,0.37385197190707725,-0.02614802809292277,1851,250.20808397675864,llmlingua2,llmlingua-0.2.2,microsoft/llmlingua-2-bert-base-multilingual-cased-meetingbank@main,gpt2
multifieldqa_en,multifieldqa_en-ed61bdde19a3446389e989c06ab4209f464f9484d42dbd1c,0.3,0.2685035116153431,-0.03149648838465691,1851,250.37679201341234,llmlingua2,llmlingua-0.2.2,microsoft/llmlingua-2-bert-base-multilingual-cased-meetingbank@main,gpt2
multifieldqa_en,multifieldqa_en-ed61bdde19a3446389e989c06ab4209f464f9484d42dbd1c,0.2,0.16801728795245813,-0.031982712047541884,1851,246.0157080204226,llmlingua2,llmlingua-0.2.2,microsoft/llmlingua-2-bert-base-multilingual-cased-meetingbank@main,gpt2
multifieldqa_en,multifieldqa_en-101225d103936ad083c5da47c3dce73ce569b62cbaa093bd,0.8,0.8053593179049939,0.005359317904993888,4105,661.1014590016566,llmlingua2,llmlingua-0.2.2,microsoft/llmlingua-2-bert-base-multilingual-cased-meetingbank@main,gpt2
multifieldqa_en,multifieldqa_en-101225d103936ad083c5da47c3dce73ce569b62cbaa093bd,0.65,0.6440925700365409,-0.005907429963459165,4105,637.160957994638,llmlingua2,llmlingua-0.2.2,microsoft/llmlingua-2-bert-base-multilingual-cased-meetingbank@main,gpt2
multifieldqa_en,multifieldqa_en-101225d103936ad083c5da47c3dce73ce569b62cbaa093bd,0.5,0.4945188794153471,-0.005481120584652888,4105,640.9344999992754,llmlingua2,llmlingua-0.2.2,microsoft/llmlingua-2-bert-base-multilingual-cased-meetingbank@main,gpt2
multifieldqa_en,multifieldqa_en-101225d103936ad083c5da47c3dce73ce569b62cbaa093bd,0.4,0.392204628501827,-0.007795371498172998,4105,652.9928339878097,llmlingua2,llmlingua-0.2.2,microsoft/llmlingua-2-bert-base-multilingual-cased-meetingbank@main,gpt2
multifieldqa_en,multifieldqa_en-101225d103936ad083c5da47c3dce73ce569b62cbaa093bd,0.3,0.28989037758830694,-0.010109622411693053,4105,680.1936250121798,llmlingua2,llmlingua-0.2.2,microsoft/llmlingua-2-bert-base-multilingual-cased-meetingbank@main,gpt2
multifieldqa_en,multifieldqa_en-101225d103936ad083c5da47c3dce73ce569b62cbaa093bd,0.2,0.18879415347137637,-0.011205846528623636,4105,747.5011249771342,llmlingua2,llmlingua-0.2.2,microsoft/llmlingua-2-bert-base-multilingual-cased-meetingbank@main,gpt2
multifieldqa_en,multifieldqa_en-60c66572f28b071899547f0aa0b4a271969c3b153e96406b,0.8,0.7802237459400938,-0.01977625405990624,5542,1073.9236250228714,llmlingua2,llmlingua-0.2.2,microsoft/llmlingua-2-bert-base-multilingual-cased-meetingbank@main,gpt2
multifieldqa_en,multifieldqa_en-60c66572f28b071899547f0aa0b4a271969c3b153e96406b,0.65,0.6252255503428366,-0.024774449657163466,5542,1056.2182079884224,llmlingua2,llmlingua-0.2.2,microsoft/llmlingua-2-bert-base-multilingual-cased-meetingbank@main,gpt2
multifieldqa_en,multifieldqa_en-60c66572f28b071899547f0aa0b4a271969c3b153e96406b,0.5,0.47744496571634787,-0.02255503428365213,5542,986.2859999993816,llmlingua2,llmlingua-0.2.2,microsoft/llmlingua-2-bert-base-multilingual-cased-meetingbank@main,gpt2
multifieldqa_en,multifieldqa_en-60c66572f28b071899547f0aa0b4a271969c3b153e96406b,0.4,0.3787441356910862,-0.021255864308913797,5542,980.5572080076672,llmlingua2,llmlingua-0.2.2,microsoft/llmlingua-2-bert-base-multilingual-cased-meetingbank@main,gpt2
multifieldqa_en,multifieldqa_en-60c66572f28b071899547f0aa0b4a271969c3b153e96406b,0.3,0.2809455070371707,-0.019054492962829295,5542,1117.4445840006229,llmlingua2,llmlingua-0.2.2,microsoft/llmlingua-2-bert-base-multilingual-cased-meetingbank@main,gpt2
multifieldqa_en,multifieldqa_en-60c66572f28b071899547f0aa0b4a271969c3b153e96406b,0.2,0.18350775893179358,-0.01649224106820643,5542,1345.136125019053,llmlingua2,llmlingua-0.2.2,microsoft/llmlingua-2-bert-base-multilingual-cased-meetingbank@main,gpt2
multifieldqa_en,multifieldqa_en-6caa98612cf0e2ddf58e1ba70daaf79a3ac616280fb48188,0.8,0.7722873153336729,-0.027712684666327148,3926,1080.6478339945897,llmlingua2,llmlingua-0.2.2,microsoft/llmlingua-2-bert-base-multilingual-cased-meetingbank@main,gpt2
multifieldqa_en,multifieldqa_en-6caa98612cf0e2ddf58e1ba70daaf79a3ac616280fb48188,0.65,0.6153846153846154,-0.0346153846153846,3926,1177.792040980421,llmlingua2,llmlingua-0.2.2,microsoft/llmlingua-2-bert-base-multilingual-cased-meetingbank@main,gpt2
multifieldqa_en,multifieldqa_en-6caa98612cf0e2ddf58e1ba70daaf79a3ac616280fb48188,0.5,0.47274579724910853,-0.027254202750891465,3926,1466.3281670073047,llmlingua2,llmlingua-0.2.2,microsoft/llmlingua-2-bert-base-multilingual-cased-meetingbank@main,gpt2
multifieldqa_en,multifieldqa_en-6caa98612cf0e2ddf58e1ba70daaf79a3ac616280fb48188,0.4,0.3795211411105451,-0.020478858889454943,3926,2082.2399590106215,llmlingua2,llmlingua-0.2.2,microsoft/llmlingua-2-bert-base-multilingual-cased-meetingbank@main,gpt2
multifieldqa_en,multifieldqa_en-6caa98612cf0e2ddf58e1ba70daaf79a3ac616280fb48188,0.3,0.2817116658176261,-0.01828833418237391,3926,3353.789749991847,llmlingua2,llmlingua-0.2.2,microsoft/llmlingua-2-bert-base-multilingual-cased-meetingbank@main,gpt2
multifieldqa_en,multifieldqa_en-6caa98612cf0e2ddf58e1ba70daaf79a3ac616280fb48188,0.2,0.18568517575140092,-0.01431482424859909,3926,6570.0689159857575,llmlingua2,llmlingua-0.2.2,microsoft/llmlingua-2-bert-base-multilingual-cased-meetingbank@main,gpt2
multifieldqa_en,multifieldqa_en-d5422b0fdbed42c0f1d2213edb6c7637802452e4ca7287eb,0.8,0.70254110612855,-0.09745889387145001,1338,1814.3635829910636,llmlingua2,llmlingua-0.2.2,microsoft/llmlingua-2-bert-base-multilingual-cased-meetingbank@main,gpt2
multifieldqa_en,multifieldqa_en-d5422b0fdbed42c0f1d2213edb6c7637802452e4ca7287eb,0.65,0.5575485799701047,-0.09245142002989537,1338,1898.328749986831,llmlingua2,llmlingua-0.2.2,microsoft/llmlingua-2-bert-base-multilingual-cased-meetingbank@main,gpt2
multifieldqa_en,multifieldqa_en-d5422b0fdbed42c0f1d2213edb6c7637802452e4ca7287eb,0.5,0.42152466367713004,-0.07847533632286996,1338,1681.0561660095118,llmlingua2,llmlingua-0.2.2,microsoft/llmlingua-2-bert-base-multilingual-cased-meetingbank@main,gpt2
multifieldqa_en,multifieldqa_en-d5422b0fdbed42c0f1d2213edb6c7637802452e4ca7287eb,0.4,0.33707025411061287,-0.06292974588938716,1338,2211.856584006455,llmlingua2,llmlingua-0.2.2,microsoft/llmlingua-2-bert-base-multilingual-cased-meetingbank@main,gpt2
multifieldqa_en,multifieldqa_en-d5422b0fdbed42c0f1d2213edb6c7637802452e4ca7287eb,0.3,0.25112107623318386,-0.04887892376681613,1338,1152.2741669905372,llmlingua2,llmlingua-0.2.2,microsoft/llmlingua-2-bert-base-multilingual-cased-meetingbank@main,gpt2
multifieldqa_en,multifieldqa_en-d5422b0fdbed42c0f1d2213edb6c7637802452e4ca7287eb,0.2,0.16442451420029897,-0.035575485799701045,1338,1975.684375007404,llmlingua2,llmlingua-0.2.2,microsoft/llmlingua-2-bert-base-multilingual-cased-meetingbank@main,gpt2
multifieldqa_en,multifieldqa_en-67dd297408f3d52f22ede88df0b62644dac86da77f009e71,0.8,0.7378997407087294,-0.06210025929127061,4628,5592.510916991159,llmlingua2,llmlingua-0.2.2,microsoft/llmlingua-2-bert-base-multilingual-cased-meetingbank@main,gpt2
multifieldqa_en,multifieldqa_en-67dd297408f3d52f22ede88df0b62644dac86da77f009e71,0.65,0.5700086430423509,-0.07999135695764914,4628,2363.042207987746,llmlingua2,llmlingua-0.2.2,microsoft/llmlingua-2-bert-base-multilingual-cased-meetingbank@main,gpt2
multifieldqa_en,multifieldqa_en-67dd297408f3d52f22ede88df0b62644dac86da77f009e71,0.5,0.42718236819360417,-0.07281763180639583,4628,2146.310625015758,llmlingua2,llmlingua-0.2.2,microsoft/llmlingua-2-bert-base-multilingual-cased-meetingbank@main,gpt2
multifieldqa_en,multifieldqa_en-67dd297408f3d52f22ede88df0b62644dac86da77f009e71,0.4,0.33707865168539325,-0.06292134831460677,4628,1568.3027500053868,llmlingua2,llmlingua-0.2.2,microsoft/llmlingua-2-bert-base-multilingual-cased-meetingbank@main,gpt2
multifieldqa_en,multifieldqa_en-67dd297408f3d52f22ede88df0b62644dac86da77f009e71,0.3,0.2482713915298185,-0.051728608470181486,4628,1445.6090409948956,llmlingua2,llmlingua-0.2.2,microsoft/llmlingua-2-bert-base-multilingual-cased-meetingbank@main,gpt2
multifieldqa_en,multifieldqa_en-67dd297408f3d52f22ede88df0b62644dac86da77f009e71,0.2,0.16508210890233363,-0.03491789109766638,4628,1409.540749998996,llmlingua2,llmlingua-0.2.2,microsoft/llmlingua-2-bert-base-multilingual-cased-meetingbank@main,gpt2
multifieldqa_en,multifieldqa_en-40a85211345155859f3d2f7268da928f516a65ac6f8c6e08,0.8,0.7866855023838955,-0.013314497616104592,5663,1643.822625017492,llmlingua2,llmlingua-0.2.2,microsoft/llmlingua-2-bert-base-multilingual-cased-meetingbank@main,gpt2
multifieldqa_en,multifieldqa_en-40a85211345155859f3d2f7268da928f516a65ac6f8c6e08,0.65,0.6058626169874625,-0.04413738301253756,5663,1558.2585420052055,llmlingua2,llmlingua-0.2.2,microsoft/llmlingua-2-bert-base-multilingual-cased-meetingbank@main,gpt2
multifieldqa_en,multifieldqa_en-40a85211345155859f3d2f7268da928f516a65ac6f8c6e08,0.5,0.45064453469892285,-0.04935546530107715,5663,1582.0005830028094,llmlingua2,llmlingua-0.2.2,microsoft/llmlingua-2-bert-base-multilingual-cased-meetingbank@main,gpt2
multifieldqa_en,multifieldqa_en-40a85211345155859f3d2f7268da928f516a65ac6f8c6e08,0.4,0.35087409500264877,-0.049125904997351255,5663,1502.8670839965343,llmlingua2,llmlingua-0.2.2,microsoft/llmlingua-2-bert-base-multilingual-cased-meetingbank@main,gpt2
multifieldqa_en,multifieldqa_en-40a85211345155859f3d2f7268da928f516a65ac6f8c6e08,0.3,0.2560480310789334,-0.043951968921066564,5663,1493.6703330022283,llmlingua2,llmlingua-0.2.2,microsoft/llmlingua-2-bert-base-multilingual-cased-meetingbank@main,gpt2
multifieldqa_en,multifieldqa_en-40a85211345155859f3d2f7268da928f516a65ac6f8c6e08,0.2,0.16281123079639767,-0.03718876920360234,5663,1409.5088339818176,llmlingua2,llmlingua-0.2.2,microsoft/llmlingua-2-bert-base-multilingual-cased-meetingbank@main,gpt2
multifieldqa_en,multifieldqa_en-69e69439e349a539ca4cff96ae35aa8499ca61886801d488,0.8,0.7696658097686375,-0.030334190231362523,1945,519.7855409933254,llmlingua2,llmlingua-0.2.2,microsoft/llmlingua-2-bert-base-multilingual-cased-meetingbank@main,gpt2
multifieldqa_en,multifieldqa_en-69e69439e349a539ca4cff96ae35aa8499ca61886801d488,0.65,0.6030848329048843,-0.04691516709511567,1945,379.335000005085,llmlingua2,llmlingua-0.2.2,microsoft/llmlingua-2-bert-base-multilingual-cased-meetingbank@main,gpt2
multifieldqa_en,multifieldqa_en-69e69439e349a539ca4cff96ae35aa8499ca61886801d488,0.5,0.4524421593830334,-0.04755784061696661,1945,390.80745898536406,llmlingua2,llmlingua-0.2.2,microsoft/llmlingua-2-bert-base-multilingual-cased-meetingbank@main,gpt2
multifieldqa_en,multifieldqa_en-69e69439e349a539ca4cff96ae35aa8499ca61886801d488,0.4,0.3526992287917738,-0.04730077120822623,1945,413.7400829931721,llmlingua2,llmlingua-0.2.2,microsoft/llmlingua-2-bert-base-multilingual-cased-meetingbank@main,gpt2
multifieldqa_en,multifieldqa_en-69e69439e349a539ca4cff96ae35aa8499ca61886801d488,0.3,0.25912596401028276,-0.04087403598971723,1945,418.75408397754654,llmlingua2,llmlingua-0.2.2,microsoft/llmlingua-2-bert-base-multilingual-cased-meetingbank@main,gpt2
multifieldqa_en,multifieldqa_en-69e69439e349a539ca4cff96ae35aa8499ca61886801d488,0.2,0.16503856041131104,-0.03496143958868897,1945,403.84970797458664,llmlingua2,llmlingua-0.2.2,microsoft/llmlingua-2-bert-base-multilingual-cased-meetingbank@main,gpt2
multifieldqa_en,multifieldqa_en-622b577978afc1346c315f98a18678c8e6d5ccbf82511f74,0.8,0.7525891829689298,-0.047410817031070196,2607,602.8834590106271,llmlingua2,llmlingua-0.2.2,microsoft/llmlingua-2-bert-base-multilingual-cased-meetingbank@main,gpt2
multifieldqa_en,multifieldqa_en-622b577978afc1346c315f98a18678c8e6d5ccbf82511f74,0.65,0.5991561181434599,-0.050843881856540096,2607,572.8104999870993,llmlingua2,llmlingua-0.2.2,microsoft/llmlingua-2-bert-base-multilingual-cased-meetingbank@main,gpt2
multifieldqa_en,multifieldqa_en-622b577978afc1346c315f98a18678c8e6d5ccbf82511f74,0.5,0.44840813195243573,-0.05159186804756427,2607,566.1176669818815,llmlingua2,llmlingua-0.2.2,microsoft/llmlingua-2-bert-base-multilingual-cased-meetingbank@main,gpt2
multifieldqa_en,multifieldqa_en-622b577978afc1346c315f98a18678c8e6d5ccbf82511f74,0.4,0.3521288837744534,-0.04787111622554663,2607,586.0449169995263,llmlingua2,llmlingua-0.2.2,microsoft/llmlingua-2-bert-base-multilingual-cased-meetingbank@main,gpt2
multifieldqa_en,multifieldqa_en-622b577978afc1346c315f98a18678c8e6d5ccbf82511f74,0.3,0.2600690448791715,-0.039930955120828504,2607,555.4524999752175,llmlingua2,llmlingua-0.2.2,microsoft/llmlingua-2-bert-base-multilingual-cased-meetingbank@main,gpt2
multifieldqa_en,multifieldqa_en-622b577978afc1346c315f98a18678c8e6d5ccbf82511f74,0.2,0.17107786728039892,-0.02892213271960109,2607,606.0471670061816,llmlingua2,llmlingua-0.2.2,microsoft/llmlingua-2-bert-base-multilingual-cased-meetingbank@main,gpt2
multifieldqa_en,multifieldqa_en-235a5c99cd7fae9e2b410ad99c1b1fafea43799d3f1138a8,0.8,0.7524942440521872,-0.04750575594781281,2606,632.3635000153445,llmlingua2,llmlingua-0.2.2,microsoft/llmlingua-2-bert-base-multilingual-cased-meetingbank@main,gpt2
multifieldqa_en,multifieldqa_en-235a5c99cd7fae9e2b410ad99c1b1fafea43799d3f1138a8,0.65,0.5990023023791251,-0.050997697620874916,2606,642.6128330058418,llmlingua2,llmlingua-0.2.2,microsoft/llmlingua-2-bert-base-multilingual-cased-meetingbank@main,gpt2
multifieldqa_en,multifieldqa_en-235a5c99cd7fae9e2b410ad99c1b1fafea43799d3f1138a8,0.5,0.4481964696853415,-0.05180353031465851,2606,583.7712500069756,llmlingua2,llmlingua-0.2.2,microsoft/llmlingua-2-bert-base-multilingual-cased-meetingbank@main,gpt2
multifieldqa_en,multifieldqa_en-235a5c99cd7fae9e2b410ad99c1b1fafea43799d3f1138a8,0.4,0.3511128165771297,-0.048887183422870295,2606,609.1474589775316,llmlingua2,llmlingua-0.2.2,microsoft/llmlingua-2-bert-base-multilingual-cased-meetingbank@main,gpt2
multifieldqa_en,multifieldqa_en-235a5c99cd7fae9e2b410ad99c1b1fafea43799d3f1138a8,0.3,0.2601688411358404,-0.03983115886415961,2606,562.5073749979492,llmlingua2,llmlingua-0.2.2,microsoft/llmlingua-2-bert-base-multilingual-cased-meetingbank@main,gpt2
multifieldqa_en,multifieldqa_en-235a5c99cd7fae9e2b410ad99c1b1fafea43799d3f1138a8,0.2,0.17114351496546432,-0.028856485034535695,2606,609.7017500142101,llmlingua2,llmlingua-0.2.2,microsoft/llmlingua-2-bert-base-multilingual-cased-meetingbank@main,gpt2
multifieldqa_en,multifieldqa_en-e02f6a69d7b2a96a3aa6cd84a9189c2d552f6fb089f216e1,0.8,0.7370421561852107,-0.0629578438147893,2894,589.2026249784976,llmlingua2,llmlingua-0.2.2,microsoft/llmlingua-2-bert-base-multilingual-cased-meetingbank@main,gpt2
multifieldqa_en,multifieldqa_en-e02f6a69d7b2a96a3aa6cd84a9189c2d552f6fb089f216e1,0.65,0.5659986178299931,-0.08400138217000697,2894,605.5179579998367,llmlingua2,llmlingua-0.2.2,microsoft/llmlingua-2-bert-base-multilingual-cased-meetingbank@main,gpt2
multifieldqa_en,multifieldqa_en-e02f6a69d7b2a96a3aa6cd84a9189c2d552f6fb089f216e1,0.5,0.4257083621285418,-0.0742916378714582,2894,598.0112499964889,llmlingua2,llmlingua-0.2.2,microsoft/llmlingua-2-bert-base-multilingual-cased-meetingbank@main,gpt2
multifieldqa_en,multifieldqa_en-e02f6a69d7b2a96a3aa6cd84a9189c2d552f6fb089f216e1,0.4,0.3337940566689703,-0.06620594333102975,2894,661.327416979475,llmlingua2,llmlingua-0.2.2,microsoft/llmlingua-2-bert-base-multilingual-cased-meetingbank@main,gpt2
multifieldqa_en,multifieldqa_en-e02f6a69d7b2a96a3aa6cd84a9189c2d552f6fb089f216e1,0.3,0.24982722874913615,-0.050172771250863835,2894,624.5547080179676,llmlingua2,llmlingua-0.2.2,microsoft/llmlingua-2-bert-base-multilingual-cased-meetingbank@main,gpt2
multifieldqa_en,multifieldqa_en-e02f6a69d7b2a96a3aa6cd84a9189c2d552f6fb089f216e1,0.2,0.16516931582584657,-0.03483068417415344,2894,571.6910829942208,llmlingua2,llmlingua-0.2.2,microsoft/llmlingua-2-bert-base-multilingual-cased-meetingbank@main,gpt2
multifieldqa_en,multifieldqa_en-0e2b2bc81542b95fb86a7fe76cf11c52316937c9aac9123e,0.8,0.7370421561852107,-0.0629578438147893,2894,564.7365000040736,llmlingua2,llmlingua-0.2.2,microsoft/llmlingua-2-bert-base-multilingual-cased-meetingbank@main,gpt2
multifieldqa_en,multifieldqa_en-0e2b2bc81542b95fb86a7fe76cf11c52316937c9aac9123e,0.65,0.5659986178299931,-0.08400138217000697,2894,572.6878329878673,llmlingua2,llmlingua-0.2.2,microsoft/llmlingua-2-bert-base-multilingual-cased-meetingbank@main,gpt2
multifieldqa_en,multifieldqa_en-0e2b2bc81542b95fb86a7fe76cf11c52316937c9aac9123e,0.5,0.4257083621285418,-0.0742916378714582,2894,541.1636670178268,llmlingua2,llmlingua-0.2.2,microsoft/llmlingua-2-bert-base-multilingual-cased-meetingbank@main,gpt2
multifieldqa_en,multifieldqa_en-0e2b2bc81542b95fb86a7fe76cf11c52316937c9aac9123e,0.4,0.3337940566689703,-0.06620594333102975,2894,542.5119579886086,llmlingua2,llmlingua-0.2.2,microsoft/llmlingua-2-bert-base-multilingual-cased-meetingbank@main,gpt2
multifieldqa_en,multifieldqa_en-0e2b2bc81542b95fb86a7fe76cf11c52316937c9aac9123e,0.3,0.24982722874913615,-0.050172771250863835,2894,531.2074170215055,llmlingua2,llmlingua-0.2.2,microsoft/llmlingua-2-bert-base-multilingual-cased-meetingbank@main,gpt2
multifieldqa_en,multifieldqa_en-0e2b2bc81542b95fb86a7fe76cf11c52316937c9aac9123e,0.2,0.16516931582584657,-0.03483068417415344,2894,564.3280409858562,llmlingua2,llmlingua-0.2.2,microsoft/llmlingua-2-bert-base-multilingual-cased-meetingbank@main,gpt2
multifieldqa_en,multifieldqa_en-f084724966601afea0017630eeee76cf0b65099356667bc2,0.8,0.7370421561852107,-0.0629578438147893,2894,515.15083402046,llmlingua2,llmlingua-0.2.2,microsoft/llmlingua-2-bert-base-multilingual-cased-meetingbank@main,gpt2
multifieldqa_en,multifieldqa_en-f084724966601afea0017630eeee76cf0b65099356667bc2,0.65,0.5659986178299931,-0.08400138217000697,2894,535.2938750002068,llmlingua2,llmlingua-0.2.2,microsoft/llmlingua-2-bert-base-multilingual-cased-meetingbank@main,gpt2
multifieldqa_en,multifieldqa_en-f084724966601afea0017630eeee76cf0b65099356667bc2,0.5,0.4257083621285418,-0.0742916378714582,2894,522.7143749943934,llmlingua2,llmlingua-0.2.2,microsoft/llmlingua-2-bert-base-multilingual-cased-meetingbank@main,gpt2
multifieldqa_en,multifieldqa_en-f084724966601afea0017630eeee76cf0b65099356667bc2,0.4,0.3337940566689703,-0.06620594333102975,2894,583.0737500218675,llmlingua2,llmlingua-0.2.2,microsoft/llmlingua-2-bert-base-multilingual-cased-meetingbank@main,gpt2
multifieldqa_en,multifieldqa_en-f084724966601afea0017630eeee76cf0b65099356667bc2,0.3,0.24982722874913615,-0.050172771250863835,2894,578.0599580029957,llmlingua2,llmlingua-0.2.2,microsoft/llmlingua-2-bert-base-multilingual-cased-meetingbank@main,gpt2
multifieldqa_en,multifieldqa_en-f084724966601afea0017630eeee76cf0b65099356667bc2,0.2,0.16516931582584657,-0.03483068417415344,2894,553.8966659805737,llmlingua2,llmlingua-0.2.2,microsoft/llmlingua-2-bert-base-multilingual-cased-meetingbank@main,gpt2
multifieldqa_en,multifieldqa_en-b619fa683cbbeb8db3d575fc2e261940701a530452b14eef,0.8,0.7329479768786127,-0.06705202312138736,4325,854.173957981402,llmlingua2,llmlingua-0.2.2,microsoft/llmlingua-2-bert-base-multilingual-cased-meetingbank@main,gpt2
multifieldqa_en,multifieldqa_en-b619fa683cbbeb8db3d575fc2e261940701a530452b14eef,0.65,0.5821965317919076,-0.06780346820809247,4325,835.3731250099372,llmlingua2,llmlingua-0.2.2,microsoft/llmlingua-2-bert-base-multilingual-cased-meetingbank@main,gpt2
multifieldqa_en,multifieldqa_en-b619fa683cbbeb8db3d575fc2e261940701a530452b14eef,0.5,0.44508670520231214,-0.05491329479768786,4325,849.2089159844909,llmlingua2,llmlingua-0.2.2,microsoft/llmlingua-2-bert-base-multilingual-cased-meetingbank@main,gpt2
multifieldqa_en,multifieldqa_en-b619fa683cbbeb8db3d575fc2e261940701a530452b14eef,0.4,0.3498265895953757,-0.05017341040462431,4325,830.9402090089861,llmlingua2,llmlingua-0.2.2,microsoft/llmlingua-2-bert-base-multilingual-cased-meetingbank@main,gpt2
multifieldqa_en,multifieldqa_en-b619fa683cbbeb8db3d575fc2e261940701a530452b14eef,0.3,0.25780346820809247,-0.04219653179190752,4325,894.5158330025151,llmlingua2,llmlingua-0.2.2,microsoft/llmlingua-2-bert-base-multilingual-cased-meetingbank@main,gpt2
multifieldqa_en,multifieldqa_en-b619fa683cbbeb8db3d575fc2e261940701a530452b14eef,0.2,0.16578034682080925,-0.03421965317919076,4325,855.7048749935348,llmlingua2,llmlingua-0.2.2,microsoft/llmlingua-2-bert-base-multilingual-cased-meetingbank@main,gpt2
multifieldqa_en,multifieldqa_en-238c4efe738cecd8346abfdc57707996aef30f9b43d1a577,0.8,0.7329479768786127,-0.06705202312138736,4325,824.8162919771858,llmlingua2,llmlingua-0.2.2,microsoft/llmlingua-2-bert-base-multilingual-cased-meetingbank@main,gpt2
multifieldqa_en,multifieldqa_en-238c4efe738cecd8346abfdc57707996aef30f9b43d1a577,0.65,0.5821965317919076,-0.06780346820809247,4325,742.4834999837913,llmlingua2,llmlingua-0.2.2,microsoft/llmlingua-2-bert-base-multilingual-cased-meetingbank@main,gpt2
multifieldqa_en,multifieldqa_en-238c4efe738cecd8346abfdc57707996aef30f9b43d1a577,0.5,0.44508670520231214,-0.05491329479768786,4325,719.4462909828871,llmlingua2,llmlingua-0.2.2,microsoft/llmlingua-2-bert-base-multilingual-cased-meetingbank@main,gpt2
multifieldqa_en,multifieldqa_en-238c4efe738cecd8346abfdc57707996aef30f9b43d1a577,0.4,0.3498265895953757,-0.05017341040462431,4325,744.1435419896152,llmlingua2,llmlingua-0.2.2,microsoft/llmlingua-2-bert-base-multilingual-cased-meetingbank@main,gpt2
multifieldqa_en,multifieldqa_en-238c4efe738cecd8346abfdc57707996aef30f9b43d1a577,0.3,0.25780346820809247,-0.04219653179190752,4325,802.3312079894822,llmlingua2,llmlingua-0.2.2,microsoft/llmlingua-2-bert-base-multilingual-cased-meetingbank@main,gpt2
multifieldqa_en,multifieldqa_en-238c4efe738cecd8346abfdc57707996aef30f9b43d1a577,0.2,0.16578034682080925,-0.03421965317919076,4325,815.2322910027578,llmlingua2,llmlingua-0.2.2,microsoft/llmlingua-2-bert-base-multilingual-cased-meetingbank@main,gpt2
multifieldqa_en,multifieldqa_en-fe952dfd723c9b88f1ed4665679b7a13987729fa1c37b0e3,0.8,0.7619344773790951,-0.0380655226209049,3205,623.2075000007171,llmlingua2,llmlingua-0.2.2,microsoft/llmlingua-2-bert-base-multilingual-cased-meetingbank@main,gpt2
multifieldqa_en,multifieldqa_en-fe952dfd723c9b88f1ed4665679b7a13987729fa1c37b0e3,0.65,0.6093603744149766,-0.04063962558502343,3205,609.9938340194058,llmlingua2,llmlingua-0.2.2,microsoft/llmlingua-2-bert-base-multilingual-cased-meetingbank@main,gpt2
multifieldqa_en,multifieldqa_en-fe952dfd723c9b88f1ed4665679b7a13987729fa1c37b0e3,0.5,0.4642745709828393,-0.03572542901716069,3205,676.9735830021091,llmlingua2,llmlingua-0.2.2,microsoft/llmlingua-2-bert-base-multilingual-cased-meetingbank@main,gpt2
multifieldqa_en,multifieldqa_en-fe952dfd723c9b88f1ed4665679b7a13987729fa1c37b0e3,0.4,0.3737909516380655,-0.026209048361934495,3205,613.6075000104029,llmlingua2,llmlingua-0.2.2,microsoft/llmlingua-2-bert-base-multilingual-cased-meetingbank@main,gpt2
multifieldqa_en,multifieldqa_en-fe952dfd723c9b88f1ed4665679b7a13987729fa1c37b0e3,0.3,0.2801872074882995,-0.019812792511700483,3205,619.702124997275,llmlingua2,llmlingua-0.2.2,microsoft/llmlingua-2-bert-base-multilingual-cased-meetingbank@main,gpt2
multifieldqa_en,multifieldqa_en-fe952dfd723c9b88f1ed4665679b7a13987729fa1c37b0e3,0.2,0.187207488299532,-0.012792511700468023,3205,611.2951670074835,llmlingua2,llmlingua-0.2.2,microsoft/llmlingua-2-bert-base-multilingual-cased-meetingbank@main,gpt2
multifieldqa_en,multifieldqa_en-635ad5e3696e0d297f3ea8909d42975a5c1eb49a7f4a8466,0.8,0.7619344773790951,-0.0380655226209049,3205,617.1574580075685,llmlingua2,llmlingua-0.2.2,microsoft/llmlingua-2-bert-base-multilingual-cased-meetingbank@main,gpt2
multifieldqa_en,multifieldqa_en-635ad5e3696e0d297f3ea8909d42975a5c1eb49a7f4a8466,0.65,0.6093603744149766,-0.04063962558502343,3205,611.6231659834739,llmlingua2,llmlingua-0.2.2,microsoft/llmlingua-2-bert-base-multilingual-cased-meetingbank@main,gpt2
multifieldqa_en,multifieldqa_en-635ad5e3696e0d297f3ea8909d42975a5c1eb49a7f4a8466,0.5,0.4642745709828393,-0.03572542901716069,3205,618.6470839893445,llmlingua2,llmlingua-0.2.2,microsoft/llmlingua-2-bert-base-multilingual-cased-meetingbank@main,gpt2
multifieldqa_en,multifieldqa_en-635ad5e3696e0d297f3ea8909d42975a5c1eb49a7f4a8466,0.4,0.3737909516380655,-0.026209048361934495,3205,623.9111250033602,llmlingua2,llmlingua-0.2.2,microsoft/llmlingua-2-bert-base-multilingual-cased-meetingbank@main,gpt2
multifieldqa_en,multifieldqa_en-635ad5e3696e0d297f3ea8909d42975a5c1eb49a7f4a8466,0.3,0.2801872074882995,-0.019812792511700483,3205,618.0425839847885,llmlingua2,llmlingua-0.2.2,microsoft/llmlingua-2-bert-base-multilingual-cased-meetingbank@main,gpt2
multifieldqa_en,multifieldqa_en-635ad5e3696e0d297f3ea8909d42975a5c1eb49a7f4a8466,0.2,0.187207488299532,-0.012792511700468023,3205,614.2616670113057,llmlingua2,llmlingua-0.2.2,microsoft/llmlingua-2-bert-base-multilingual-cased-meetingbank@main,gpt2
multifieldqa_en,multifieldqa_en-c6d0de0391867185e00e945075301d33fc1c5c05d2a7d082,0.8,0.7619344773790951,-0.0380655226209049,3205,597.0791669969913,llmlingua2,llmlingua-0.2.2,microsoft/llmlingua-2-bert-base-multilingual-cased-meetingbank@main,gpt2
multifieldqa_en,multifieldqa_en-c6d0de0391867185e00e945075301d33fc1c5c05d2a7d082,0.65,0.6093603744149766,-0.04063962558502343,3205,588.7930830067489,llmlingua2,llmlingua-0.2.2,microsoft/llmlingua-2-bert-base-multilingual-cased-meetingbank@main,gpt2
multifieldqa_en,multifieldqa_en-c6d0de0391867185e00e945075301d33fc1c5c05d2a7d082,0.5,0.4642745709828393,-0.03572542901716069,3205,608.2860830065329,llmlingua2,llmlingua-0.2.2,microsoft/llmlingua-2-bert-base-multilingual-cased-meetingbank@main,gpt2
multifieldqa_en,multifieldqa_en-c6d0de0391867185e00e945075301d33fc1c5c05d2a7d082,0.4,0.3737909516380655,-0.026209048361934495,3205,635.5347500066273,llmlingua2,llmlingua-0.2.2,microsoft/llmlingua-2-bert-base-multilingual-cased-meetingbank@main,gpt2
multifieldqa_en,multifieldqa_en-c6d0de0391867185e00e945075301d33fc1c5c05d2a7d082,0.3,0.2801872074882995,-0.019812792511700483,3205,645.5848750192672,llmlingua2,llmlingua-0.2.2,microsoft/llmlingua-2-bert-base-multilingual-cased-meetingbank@main,gpt2
multifieldqa_en,multifieldqa_en-c6d0de0391867185e00e945075301d33fc1c5c05d2a7d082,0.2,0.187207488299532,-0.012792511700468023,3205,622.5323749822564,llmlingua2,llmlingua-0.2.2,microsoft/llmlingua-2-bert-base-multilingual-cased-meetingbank@main,gpt2
multifieldqa_en,multifieldqa_en-ac42a5a54b029a05be6e6e13d9001a81761d7b40ad1edfe2,0.8,0.7767874826698357,-0.023212517330164384,5049,1119.8889999941457,llmlingua2,llmlingua-0.2.2,microsoft/llmlingua-2-bert-base-multilingual-cased-meetingbank@main,gpt2
multifieldqa_en,multifieldqa_en-ac42a5a54b029a05be6e6e13d9001a81761d7b40ad1edfe2,0.65,0.6131907308377896,-0.03680926916221039,5049,1066.4863330021035,llmlingua2,llmlingua-0.2.2,microsoft/llmlingua-2-bert-base-multilingual-cased-meetingbank@main,gpt2
multifieldqa_en,multifieldqa_en-ac42a5a54b029a05be6e6e13d9001a81761d7b40ad1edfe2,0.5,0.46068528421469596,-0.039314715785304044,5049,1123.060332989553,llmlingua2,llmlingua-0.2.2,microsoft/llmlingua-2-bert-base-multilingual-cased-meetingbank@main,gpt2
multifieldqa_en,multifieldqa_en-ac42a5a54b029a05be6e6e13d9001a81761d7b40ad1edfe2,0.4,0.3632402455931868,-0.03675975440681323,5049,1287.8910409926903,llmlingua2,llmlingua-0.2.2,microsoft/llmlingua-2-bert-base-multilingual-cased-meetingbank@main,gpt2
multifieldqa_en,multifieldqa_en-ac42a5a54b029a05be6e6e13d9001a81761d7b40ad1edfe2,0.3,0.2665874430580313,-0.03341255694196871,5049,1007.4596669874154,llmlingua2,llmlingua-0.2.2,microsoft/llmlingua-2-bert-base-multilingual-cased-meetingbank@main,gpt2
multifieldqa_en,multifieldqa_en-ac42a5a54b029a05be6e6e13d9001a81761d7b40ad1edfe2,0.2,0.17429193899782136,-0.02570806100217865,5049,1033.96362499916,llmlingua2,llmlingua-0.2.2,microsoft/llmlingua-2-bert-base-multilingual-cased-meetingbank@main,gpt2
multifieldqa_en,multifieldqa_en-94ccf4d54b36e7e9d4aa594a7bc426528630a5b8aff296a4,0.8,0.7501152604887045,-0.04988473951129557,4338,832.8655830118805,llmlingua2,llmlingua-0.2.2,microsoft/llmlingua-2-bert-base-multilingual-cased-meetingbank@main,gpt2
multifieldqa_en,multifieldqa_en-94ccf4d54b36e7e9d4aa594a7bc426528630a5b8aff296a4,0.65,0.5795297372060858,-0.07047026279391422,4338,884.5004580216482,llmlingua2,llmlingua-0.2.2,microsoft/llmlingua-2-bert-base-multilingual-cased-meetingbank@main,gpt2
multifieldqa_en,multifieldqa_en-94ccf4d54b36e7e9d4aa594a7bc426528630a5b8aff296a4,0.5,0.43453204241585985,-0.06546795758414015,4338,893.5380420007277,llmlingua2,llmlingua-0.2.2,microsoft/llmlingua-2-bert-base-multilingual-cased-meetingbank@main,gpt2
multifieldqa_en,multifieldqa_en-94ccf4d54b36e7e9d4aa594a7bc426528630a5b8aff296a4,0.4,0.3425541724296911,-0.057445827570308916,4338,917.9443749890197,llmlingua2,llmlingua-0.2.2,microsoft/llmlingua-2-bert-base-multilingual-cased-meetingbank@main,gpt2
multifieldqa_en,multifieldqa_en-94ccf4d54b36e7e9d4aa594a7bc426528630a5b8aff296a4,0.3,0.2524204702627939,-0.04757952973720608,4338,901.9325420085806,llmlingua2,llmlingua-0.2.2,microsoft/llmlingua-2-bert-base-multilingual-cased-meetingbank@main,gpt2
multifieldqa_en,multifieldqa_en-94ccf4d54b36e7e9d4aa594a7bc426528630a5b8aff296a4,0.2,0.16804979253112035,-0.031950207468879666,4338,949.8338749981485,llmlingua2,llmlingua-0.2.2,microsoft/llmlingua-2-bert-base-multilingual-cased-meetingbank@main,gpt2
multifieldqa_en,multifieldqa_en-25ebcea4435f88495b4175446d1d7d6dacb1034a8f861ca5,0.8,0.7580412866058569,-0.04195871339414314,2083,428.81737498100847,llmlingua2,llmlingua-0.2.2,microsoft/llmlingua-2-bert-base-multilingual-cased-meetingbank@main,gpt2
multifieldqa_en,multifieldqa_en-25ebcea4435f88495b4175446d1d7d6dacb1034a8f861ca5,0.65,0.5938550168026885,-0.05614498319731154,2083,474.8285840032622,llmlingua2,llmlingua-0.2.2,microsoft/llmlingua-2-bert-base-multilingual-cased-meetingbank@main,gpt2
multifieldqa_en,multifieldqa_en-25ebcea4435f88495b4175446d1d7d6dacb1034a8f861ca5,0.5,0.44599135861737876,-0.054008641382621236,2083,465.60774999670684,llmlingua2,llmlingua-0.2.2,microsoft/llmlingua-2-bert-base-multilingual-cased-meetingbank@main,gpt2
multifieldqa_en,multifieldqa_en-25ebcea4435f88495b4175446d1d7d6dacb1034a8f861ca5,0.4,0.3475756120979357,-0.05242438790206433,2083,476.20904198265634,llmlingua2,llmlingua-0.2.2,microsoft/llmlingua-2-bert-base-multilingual-cased-meetingbank@main,gpt2
multifieldqa_en,multifieldqa_en-25ebcea4435f88495b4175446d1d7d6dacb1034a8f861ca5,0.3,0.2549207873259722,-0.04507921267402781,2083,466.11679199850187,llmlingua2,llmlingua-0.2.2,microsoft/llmlingua-2-bert-base-multilingual-cased-meetingbank@main,gpt2
multifieldqa_en,multifieldqa_en-25ebcea4435f88495b4175446d1d7d6dacb1034a8f861ca5,0.2,0.16226596255400863,-0.03773403744599138,2083,459.16170900454745,llmlingua2,llmlingua-0.2.2,microsoft/llmlingua-2-bert-base-multilingual-cased-meetingbank@main,gpt2
multifieldqa_en,multifieldqa_en-0ecdb8439f1360140995c6f5f6cc99c38cebb9216d1395e4,0.8,0.7580412866058569,-0.04195871339414314,2083,437.0666249888018,llmlingua2,llmlingua-0.2.2,microsoft/llmlingua-2-bert-base-multilingual-cased-meetingbank@main,gpt2
multifieldqa_en,multifieldqa_en-0ecdb8439f1360140995c6f5f6cc99c38cebb9216d1395e4,0.65,0.5938550168026885,-0.05614498319731154,2083,434.6810420101974,llmlingua2,llmlingua-0.2.2,microsoft/llmlingua-2-bert-base-multilingual-cased-meetingbank@main,gpt2
multifieldqa_en,multifieldqa_en-0ecdb8439f1360140995c6f5f6cc99c38cebb9216d1395e4,0.5,0.44599135861737876,-0.054008641382621236,2083,424.0127079829108,llmlingua2,llmlingua-0.2.2,microsoft/llmlingua-2-bert-base-multilingual-cased-meetingbank@main,gpt2
multifieldqa_en,multifieldqa_en-0ecdb8439f1360140995c6f5f6cc99c38cebb9216d1395e4,0.4,0.3475756120979357,-0.05242438790206433,2083,430.4973340185825,llmlingua2,llmlingua-0.2.2,microsoft/llmlingua-2-bert-base-multilingual-cased-meetingbank@main,gpt2
multifieldqa_en,multifieldqa_en-0ecdb8439f1360140995c6f5f6cc99c38cebb9216d1395e4,0.3,0.2549207873259722,-0.04507921267402781,2083,439.63429200812243,llmlingua2,llmlingua-0.2.2,microsoft/llmlingua-2-bert-base-multilingual-cased-meetingbank@main,gpt2
multifieldqa_en,multifieldqa_en-0ecdb8439f1360140995c6f5f6cc99c38cebb9216d1395e4,0.2,0.16226596255400863,-0.03773403744599138,2083,469.7916660225019,llmlingua2,llmlingua-0.2.2,microsoft/llmlingua-2-bert-base-multilingual-cased-meetingbank@main,gpt2
2wikimqa,2wikimqa-bdb42f1c30e16bbcdf6f0ab7c1f76765ddaa5817ee5e674b,0.8,0.7639609715590616,-0.036039028440938425,4817,694.6219999808818,llmlingua2,llmlingua-0.2.2,microsoft/llmlingua-2-bert-base-multilingual-cased-meetingbank@main,gpt2
2wikimqa,2wikimqa-bdb42f1c30e16bbcdf6f0ab7c1f76765ddaa5817ee5e674b,0.65,0.6049408345443222,-0.045059165455677785,4817,689.4492499995977,llmlingua2,llmlingua-0.2.2,microsoft/llmlingua-2-bert-base-multilingual-cased-meetingbank@main,gpt2
2wikimqa,2wikimqa-bdb42f1c30e16bbcdf6f0ab7c1f76765ddaa5817ee5e674b,0.5,0.4567157982146564,-0.04328420178534359,4817,1014.4182079820894,llmlingua2,llmlingua-0.2.2,microsoft/llmlingua-2-bert-base-multilingual-cased-meetingbank@main,gpt2
2wikimqa,2wikimqa-bdb42f1c30e16bbcdf6f0ab7c1f76765ddaa5817ee5e674b,0.4,0.36163587294996885,-0.03836412705003117,4817,1255.8447909832466,llmlingua2,llmlingua-0.2.2,microsoft/llmlingua-2-bert-base-multilingual-cased-meetingbank@main,gpt2
2wikimqa,2wikimqa-bdb42f1c30e16bbcdf6f0ab7c1f76765ddaa5817ee5e674b,0.3,0.26842433049615944,-0.03157566950384055,4817,965.060040995013,llmlingua2,llmlingua-0.2.2,microsoft/llmlingua-2-bert-base-multilingual-cased-meetingbank@main,gpt2
2wikimqa,2wikimqa-bdb42f1c30e16bbcdf6f0ab7c1f76765ddaa5817ee5e674b,0.2,0.17832675939381357,-0.021673240606186445,4817,906.8978330178652,llmlingua2,llmlingua-0.2.2,microsoft/llmlingua-2-bert-base-multilingual-cased-meetingbank@main,gpt2
2wikimqa,2wikimqa-884614fa7d0fe723587d2f2677d3f2143cd13ab74391bea6,0.8,0.7413398980130121,-0.0586601019869879,5687,1010.8095410105307,llmlingua2,llmlingua-0.2.2,microsoft/llmlingua-2-bert-base-multilingual-cased-meetingbank@main,gpt2
2wikimqa,2wikimqa-884614fa7d0fe723587d2f2677d3f2143cd13ab74391bea6,0.65,0.5876560576754001,-0.062343942324599944,5687,1026.1479579785373,llmlingua2,llmlingua-0.2.2,microsoft/llmlingua-2-bert-base-multilingual-cased-meetingbank@main,gpt2
2wikimqa,2wikimqa-884614fa7d0fe723587d2f2677d3f2143cd13ab74391bea6,0.5,0.44417091612449444,-0.05582908387550556,5687,1034.2553750087973,llmlingua2,llmlingua-0.2.2,microsoft/llmlingua-2-bert-base-multilingual-cased-meetingbank@main,gpt2
2wikimqa,2wikimqa-884614fa7d0fe723587d2f2677d3f2143cd13ab74391bea6,0.4,0.3529101459468964,-0.04708985405310362,5687,1036.3302500045393,llmlingua2,llmlingua-0.2.2,microsoft/llmlingua-2-bert-base-multilingual-cased-meetingbank@main,gpt2
2wikimqa,2wikimqa-884614fa7d0fe723587d2f2677d3f2143cd13ab74391bea6,0.3,0.26129769650079127,-0.03870230349920872,5687,1059.678666992113,llmlingua2,llmlingua-0.2.2,microsoft/llmlingua-2-bert-base-multilingual-cased-meetingbank@main,gpt2
2wikimqa,2wikimqa-884614fa7d0fe723587d2f2677d3f2143cd13ab74391bea6,0.2,0.17179532266572886,-0.02820467733427115,5687,1042.1330830140505,llmlingua2,llmlingua-0.2.2,microsoft/llmlingua-2-bert-base-multilingual-cased-meetingbank@main,gpt2
2wikimqa,2wikimqa-3723ec96e3b1af88c73edaa0a5e87f20194d9d212a67b615,0.8,0.7370725034199727,-0.06292749658002739,3655,814.222333021462,llmlingua2,llmlingua-0.2.2,microsoft/llmlingua-2-bert-base-multilingual-cased-meetingbank@main,gpt2
2wikimqa,2wikimqa-3723ec96e3b1af88c73edaa0a5e87f20194d9d212a67b615,0.65,0.5800273597811217,-0.06997264021887828,3655,727.3587500094436,llmlingua2,llmlingua-0.2.2,microsoft/llmlingua-2-bert-base-multilingual-cased-meetingbank@main,gpt2
2wikimqa,2wikimqa-3723ec96e3b1af88c73edaa0a5e87f20194d9d212a67b615,0.5,0.43857729138166895,-0.061422708618331046,3655,731.6432500083465,llmlingua2,llmlingua-0.2.2,microsoft/llmlingua-2-bert-base-multilingual-cased-meetingbank@main,gpt2
2wikimqa,2wikimqa-3723ec96e3b1af88c73edaa0a5e87f20194d9d212a67b615,0.4,0.35020519835841313,-0.049794801641586894,3655,745.895833009854,llmlingua2,llmlingua-0.2.2,microsoft/llmlingua-2-bert-base-multilingual-cased-meetingbank@main,gpt2
2wikimqa,2wikimqa-3723ec96e3b1af88c73edaa0a5e87f20194d9d212a67b615,0.3,0.26292749658002734,-0.03707250341997265,3655,777.3690420144703,llmlingua2,llmlingua-0.2.2,microsoft/llmlingua-2-bert-base-multilingual-cased-meetingbank@main,gpt2
2wikimqa,2wikimqa-3723ec96e3b1af88c73edaa0a5e87f20194d9d212a67b615,0.2,0.17127222982216142,-0.02872777017783859,3655,798.420040984638,llmlingua2,llmlingua-0.2.2,microsoft/llmlingua-2-bert-base-multilingual-cased-meetingbank@main,gpt2
2wikimqa,2wikimqa-2e86241a9d27925aa52e039067fa83e27e305301188daef7,0.8,0.6852614896988907,-0.11473851030110938,3155,578.1912920065224,llmlingua2,llmlingua-0.2.2,microsoft/llmlingua-2-bert-base-multilingual-cased-meetingbank@main,gpt2
2wikimqa,2wikimqa-2e86241a9d27925aa52e039067fa83e27e305301188daef7,0.65,0.5394611727416799,-0.1105388272583201,3155,564.19920900953,llmlingua2,llmlingua-0.2.2,microsoft/llmlingua-2-bert-base-multilingual-cased-meetingbank@main,gpt2
2wikimqa,2wikimqa-2e86241a9d27925aa52e039067fa83e27e305301188daef7,0.5,0.40855784469096673,-0.09144215530903327,3155,547.3868340195622,llmlingua2,llmlingua-0.2.2,microsoft/llmlingua-2-bert-base-multilingual-cased-meetingbank@main,gpt2
2wikimqa,2wikimqa-2e86241a9d27925aa52e039067fa83e27e305301188daef7,0.4,0.31949286846275754,-0.08050713153724248,3155,545.9938329877332,llmlingua2,llmlingua-0.2.2,microsoft/llmlingua-2-bert-base-multilingual-cased-meetingbank@main,gpt2
2wikimqa,2wikimqa-2e86241a9d27925aa52e039067fa83e27e305301188daef7,0.3,0.2358161648177496,-0.06418383518225038,3155,556.5690830117092,llmlingua2,llmlingua-0.2.2,microsoft/llmlingua-2-bert-base-multilingual-cased-meetingbank@main,gpt2
2wikimqa,2wikimqa-2e86241a9d27925aa52e039067fa83e27e305301188daef7,0.2,0.1537242472266244,-0.04627575277337562,3155,543.9124580007046,llmlingua2,llmlingua-0.2.2,microsoft/llmlingua-2-bert-base-multilingual-cased-meetingbank@main,gpt2
2wikimqa,2wikimqa-6a60fa19187345478a447b63d8f52a1cb5341e964cda29db,0.8,0.6998045920859794,-0.1001954079140206,4094,758.3808750205208,llmlingua2,llmlingua-0.2.2,microsoft/llmlingua-2-bert-base-multilingual-cased-meetingbank@main,gpt2
2wikimqa,2wikimqa-6a60fa19187345478a447b63d8f52a1cb5341e964cda29db,0.65,0.5530043966780654,-0.09699560332193458,4094,755.8957500150427,llmlingua2,llmlingua-0.2.2,microsoft/llmlingua-2-bert-base-multilingual-cased-meetingbank@main,gpt2
2wikimqa,2wikimqa-6a60fa19187345478a447b63d8f52a1cb5341e964cda29db,0.5,0.4201270151441133,-0.07987298485588668,4094,762.0436669967603,llmlingua2,llmlingua-0.2.2,microsoft/llmlingua-2-bert-base-multilingual-cased-meetingbank@main,gpt2
2wikimqa,2wikimqa-6a60fa19187345478a447b63d8f52a1cb5341e964cda29db,0.4,0.33488031265266244,-0.06511968734733758,4094,793.5482920147479,llmlingua2,llmlingua-0.2.2,microsoft/llmlingua-2-bert-base-multilingual-cased-meetingbank@main,gpt2
2wikimqa,2wikimqa-6a60fa19187345478a447b63d8f52a1cb5341e964cda29db,0.3,0.24865657059110893,-0.051343429408891056,4094,749.5055419858545,llmlingua2,llmlingua-0.2.2,microsoft/llmlingua-2-bert-base-multilingual-cased-meetingbank@main,gpt2
2wikimqa,2wikimqa-6a60fa19187345478a447b63d8f52a1cb5341e964cda29db,0.2,0.16365412799218368,-0.03634587200781633,4094,764.6370000147726,llmlingua2,llmlingua-0.2.2,microsoft/llmlingua-2-bert-base-multilingual-cased-meetingbank@main,gpt2
2wikimqa,2wikimqa-81c8cd41355e5f0489dad4010b5fd414b817f7a9134affc2,0.8,0.7412993039443155,-0.05870069605568451,5172,1053.936624986818,llmlingua2,llmlingua-0.2.2,microsoft/llmlingua-2-bert-base-multilingual-cased-meetingbank@main,gpt2
2wikimqa,2wikimqa-81c8cd41355e5f0489dad4010b5fd414b817f7a9134affc2,0.65,0.5754060324825986,-0.07459396751740144,5172,1045.2311669941992,llmlingua2,llmlingua-0.2.2,microsoft/llmlingua-2-bert-base-multilingual-cased-meetingbank@main,gpt2
2wikimqa,2wikimqa-81c8cd41355e5f0489dad4010b5fd414b817f7a9134affc2,0.5,0.43078112915699923,-0.06921887084300077,5172,1109.494459000416,llmlingua2,llmlingua-0.2.2,microsoft/llmlingua-2-bert-base-multilingual-cased-meetingbank@main,gpt2
2wikimqa,2wikimqa-81c8cd41355e5f0489dad4010b5fd414b817f7a9134affc2,0.4,0.3408739365815932,-0.059126063418406816,5172,1174.9787500011735,llmlingua2,llmlingua-0.2.2,microsoft/llmlingua-2-bert-base-multilingual-cased-meetingbank@main,gpt2
2wikimqa,2wikimqa-81c8cd41355e5f0489dad4010b5fd414b817f7a9134affc2,0.3,0.2542536736272235,-0.04574632637277648,5172,1173.2117920182645,llmlingua2,llmlingua-0.2.2,microsoft/llmlingua-2-bert-base-multilingual-cased-meetingbank@main,gpt2
2wikimqa,2wikimqa-81c8cd41355e5f0489dad4010b5fd414b817f7a9134affc2,0.2,0.16724671307037897,-0.03275328692962104,5172,1244.3681669828948,llmlingua2,llmlingua-0.2.2,microsoft/llmlingua-2-bert-base-multilingual-cased-meetingbank@main,gpt2
2wikimqa,2wikimqa-018c9c2d781ea2c9d57a31bd2e0ff30b55e77017a319484a,0.8,0.733453806189293,-0.06654619381070703,4427,911.8061249901075,llmlingua2,llmlingua-0.2.2,microsoft/llmlingua-2-bert-base-multilingual-cased-meetingbank@main,gpt2
2wikimqa,2wikimqa-018c9c2d781ea2c9d57a31bd2e0ff30b55e77017a319484a,0.65,0.5710413372487011,-0.07895866275129892,4427,907.3674590035807,llmlingua2,llmlingua-0.2.2,microsoft/llmlingua-2-bert-base-multilingual-cased-meetingbank@main,gpt2
2wikimqa,2wikimqa-018c9c2d781ea2c9d57a31bd2e0ff30b55e77017a319484a,0.5,0.42805511633160154,-0.07194488366839846,4427,922.5810829957481,llmlingua2,llmlingua-0.2.2,microsoft/llmlingua-2-bert-base-multilingual-cased-meetingbank@main,gpt2
2wikimqa,2wikimqa-018c9c2d781ea2c9d57a31bd2e0ff30b55e77017a319484a,0.4,0.33770047436187034,-0.06229952563812968,4427,919.6147919865325,llmlingua2,llmlingua-0.2.2,microsoft/llmlingua-2-bert-base-multilingual-cased-meetingbank@main,gpt2
2wikimqa,2wikimqa-018c9c2d781ea2c9d57a31bd2e0ff30b55e77017a319484a,0.3,0.2509600180709284,-0.04903998192907161,4427,950.2651670190971,llmlingua2,llmlingua-0.2.2,microsoft/llmlingua-2-bert-base-multilingual-cased-meetingbank@main,gpt2
2wikimqa,2wikimqa-018c9c2d781ea2c9d57a31bd2e0ff30b55e77017a319484a,0.2,0.1646713349898351,-0.035328665010164906,4427,894.1474590101279,llmlingua2,llmlingua-0.2.2,microsoft/llmlingua-2-bert-base-multilingual-cased-meetingbank@main,gpt2
2wikimqa,2wikimqa-1d38c4b905f131417ce218eb86f68305a10160f9757cbeca,0.8,0.73426435877262,-0.06573564122738007,5084,992.8045840060804,llmlingua2,llmlingua-0.2.2,microsoft/llmlingua-2-bert-base-multilingual-cased-meetingbank@main,gpt2
2wikimqa,2wikimqa-1d38c4b905f131417ce218eb86f68305a10160f9757cbeca,0.65,0.5737608182533438,-0.07623918174665623,5084,1048.6779579950962,llmlingua2,llmlingua-0.2.2,microsoft/llmlingua-2-bert-base-multilingual-cased-meetingbank@main,gpt2
2wikimqa,2wikimqa-1d38c4b905f131417ce218eb86f68305a10160f9757cbeca,0.5,0.43509047993705746,-0.06490952006294254,5084,1111.308249994181,llmlingua2,llmlingua-0.2.2,microsoft/llmlingua-2-bert-base-multilingual-cased-meetingbank@main,gpt2
2wikimqa,2wikimqa-1d38c4b905f131417ce218eb86f68305a10160f9757cbeca,0.4,0.34500393391030687,-0.05499606608969315,5084,1005.8895000256598,llmlingua2,llmlingua-0.2.2,microsoft/llmlingua-2-bert-base-multilingual-cased-meetingbank@main,gpt2
2wikimqa,2wikimqa-1d38c4b905f131417ce218eb86f68305a10160f9757cbeca,0.3,0.2549173878835563,-0.04508261211644371,5084,1049.8385829851031,llmlingua2,llmlingua-0.2.2,microsoft/llmlingua-2-bert-base-multilingual-cased-meetingbank@main,gpt2
2wikimqa,2wikimqa-1d38c4b905f131417ce218eb86f68305a10160f9757cbeca,0.2,0.16640440597954367,-0.03359559402045634,5084,1086.7681250092573,llmlingua2,llmlingua-0.2.2,microsoft/llmlingua-2-bert-base-multilingual-cased-meetingbank@main,gpt2
2wikimqa,2wikimqa-53f6acc70a61443a93c25c91ca7dc7f8780046d02e28c94a,0.8,0.7605070046697798,-0.039492995330220215,5996,1262.253207998583,llmlingua2,llmlingua-0.2.2,microsoft/llmlingua-2-bert-base-multilingual-cased-meetingbank@main,gpt2
2wikimqa,2wikimqa-53f6acc70a61443a93c25c91ca7dc7f8780046d02e28c94a,0.65,0.5957304869913276,-0.05426951300867244,5996,1249.0189999807626,llmlingua2,llmlingua-0.2.2,microsoft/llmlingua-2-bert-base-multilingual-cased-meetingbank@main,gpt2
2wikimqa,2wikimqa-53f6acc70a61443a93c25c91ca7dc7f8780046d02e28c94a,0.5,0.4446297531687792,-0.055370246831220826,5996,1237.2347920027096,llmlingua2,llmlingua-0.2.2,microsoft/llmlingua-2-bert-base-multilingual-cased-meetingbank@main,gpt2
2wikimqa,2wikimqa-53f6acc70a61443a93c25c91ca7dc7f8780046d02e28c94a,0.4,0.3475650433622415,-0.052434956637758545,5996,1303.4660829871427,llmlingua2,llmlingua-0.2.2,microsoft/llmlingua-2-bert-base-multilingual-cased-meetingbank@main,gpt2
2wikimqa,2wikimqa-53f6acc70a61443a93c25c91ca7dc7f8780046d02e28c94a,0.3,0.2555036691127418,-0.044496330887258184,5996,1252.526708994992,llmlingua2,llmlingua-0.2.2,microsoft/llmlingua-2-bert-base-multilingual-cased-meetingbank@main,gpt2
2wikimqa,2wikimqa-53f6acc70a61443a93c25c91ca7dc7f8780046d02e28c94a,0.2,0.1667778519012675,-0.0332221480987325,5996,1295.1550419966225,llmlingua2,llmlingua-0.2.2,microsoft/llmlingua-2-bert-base-multilingual-cased-meetingbank@main,gpt2
2wikimqa,2wikimqa-544828db02efd1313bfc0a1bdeb8c3df5985c299254b0222,0.8,0.7343656938653961,-0.06563430613460397,5037,1038.945334003074,llmlingua2,llmlingua-0.2.2,microsoft/llmlingua-2-bert-base-multilingual-cased-meetingbank@main,gpt2
2wikimqa,2wikimqa-544828db02efd1313bfc0a1bdeb8c3df5985c299254b0222,0.65,0.5731586261663689,-0.0768413738336311,5037,1112.4117090075742,llmlingua2,llmlingua-0.2.2,microsoft/llmlingua-2-bert-base-multilingual-cased-meetingbank@main,gpt2
2wikimqa,2wikimqa-544828db02efd1313bfc0a1bdeb8c3df5985c299254b0222,0.5,0.4280325590629343,-0.0719674409370657,5037,1151.8669170036446,llmlingua2,llmlingua-0.2.2,microsoft/llmlingua-2-bert-base-multilingual-cased-meetingbank@main,gpt2
2wikimqa,2wikimqa-544828db02efd1313bfc0a1bdeb8c3df5985c299254b0222,0.4,0.34008338296605123,-0.059916617033948794,5037,1096.0395839938428,llmlingua2,llmlingua-0.2.2,microsoft/llmlingua-2-bert-base-multilingual-cased-meetingbank@main,gpt2
2wikimqa,2wikimqa-544828db02efd1313bfc0a1bdeb8c3df5985c299254b0222,0.3,0.2531268612269208,-0.04687313877307919,5037,1083.806208014721,llmlingua2,llmlingua-0.2.2,microsoft/llmlingua-2-bert-base-multilingual-cased-meetingbank@main,gpt2
2wikimqa,2wikimqa-544828db02efd1313bfc0a1bdeb8c3df5985c299254b0222,0.2,0.1657732777446893,-0.034226722255310704,5037,1169.0589999780059,llmlingua2,llmlingua-0.2.2,microsoft/llmlingua-2-bert-base-multilingual-cased-meetingbank@main,gpt2
2wikimqa,2wikimqa-cf56ec8180c3c7622a439e68704fc1ff73770f2e8ee2926e,0.8,0.742526518804243,-0.057473481195757015,4148,905.533250013832,llmlingua2,llmlingua-0.2.2,microsoft/llmlingua-2-bert-base-multilingual-cased-meetingbank@main,gpt2
2wikimqa,2wikimqa-cf56ec8180c3c7622a439e68704fc1ff73770f2e8ee2926e,0.65,0.5800385728061717,-0.06996142719382836,4148,852.0234579918906,llmlingua2,llmlingua-0.2.2,microsoft/llmlingua-2-bert-base-multilingual-cased-meetingbank@main,gpt2
2wikimqa,2wikimqa-cf56ec8180c3c7622a439e68704fc1ff73770f2e8ee2926e,0.5,0.43514946962391515,-0.06485053037608485,4148,835.7824170088861,llmlingua2,llmlingua-0.2.2,microsoft/llmlingua-2-bert-base-multilingual-cased-meetingbank@main,gpt2
2wikimqa,2wikimqa-cf56ec8180c3c7622a439e68704fc1ff73770f2e8ee2926e,0.4,0.3423336547733848,-0.057666345226615234,4148,837.8634580003563,llmlingua2,llmlingua-0.2.2,microsoft/llmlingua-2-bert-base-multilingual-cased-meetingbank@main,gpt2
2wikimqa,2wikimqa-cf56ec8180c3c7622a439e68704fc1ff73770f2e8ee2926e,0.3,0.24903567984570876,-0.050964320154291226,4148,833.7387919891626,llmlingua2,llmlingua-0.2.2,microsoft/llmlingua-2-bert-base-multilingual-cased-meetingbank@main,gpt2
2wikimqa,2wikimqa-cf56ec8180c3c7622a439e68704fc1ff73770f2e8ee2926e,0.2,0.16128254580520732,-0.038717454194792694,4148,860.4292909731157,llmlingua2,llmlingua-0.2.2,microsoft/llmlingua-2-bert-base-multilingual-cased-meetingbank@main,gpt2
2wikimqa,2wikimqa-44864cf7bbca78294d1b24c5acfa035f30849d802356aad4,0.8,0.7404365679706073,-0.05956343202939274,4627,1011.4536659966689,llmlingua2,llmlingua-0.2.2,microsoft/llmlingua-2-bert-base-multilingual-cased-meetingbank@main,gpt2
2wikimqa,2wikimqa-44864cf7bbca78294d1b24c5acfa035f30849d802356aad4,0.65,0.5794251134644478,-0.07057488653555222,4627,957.5777080026455,llmlingua2,llmlingua-0.2.2,microsoft/llmlingua-2-bert-base-multilingual-cased-meetingbank@main,gpt2
2wikimqa,2wikimqa-44864cf7bbca78294d1b24c5acfa035f30849d802356aad4,0.5,0.43311000648368275,-0.06688999351631725,4627,817.2899589990266,llmlingua2,llmlingua-0.2.2,microsoft/llmlingua-2-bert-base-multilingual-cased-meetingbank@main,gpt2
2wikimqa,2wikimqa-44864cf7bbca78294d1b24c5acfa035f30849d802356aad4,0.4,0.3429868165117787,-0.05701318348822132,4627,905.1598329970147,llmlingua2,llmlingua-0.2.2,microsoft/llmlingua-2-bert-base-multilingual-cased-meetingbank@main,gpt2
2wikimqa,2wikimqa-44864cf7bbca78294d1b24c5acfa035f30849d802356aad4,0.3,0.253079749297601,-0.04692025070239897,4627,963.5082500171848,llmlingua2,llmlingua-0.2.2,microsoft/llmlingua-2-bert-base-multilingual-cased-meetingbank@main,gpt2
2wikimqa,2wikimqa-44864cf7bbca78294d1b24c5acfa035f30849d802356aad4,0.2,0.16814350551113033,-0.03185649448886968,4627,904.2867080133874,llmlingua2,llmlingua-0.2.2,microsoft/llmlingua-2-bert-base-multilingual-cased-meetingbank@main,gpt2
2wikimqa,2wikimqa-5844352bd3fe5898756970abec3099ec694be6ad15c498db,0.8,0.7181391712275215,-0.08186082877247858,2558,478.8367919973098,llmlingua2,llmlingua-0.2.2,microsoft/llmlingua-2-bert-base-multilingual-cased-meetingbank@main,gpt2
2wikimqa,2wikimqa-5844352bd3fe5898756970abec3099ec694be6ad15c498db,0.65,0.5672400312744331,-0.0827599687255669,2558,465.3018749959301,llmlingua2,llmlingua-0.2.2,microsoft/llmlingua-2-bert-base-multilingual-cased-meetingbank@main,gpt2
2wikimqa,2wikimqa-5844352bd3fe5898756970abec3099ec694be6ad15c498db,0.5,0.43080531665363564,-0.06919468334636436,2558,496.58966599963605,llmlingua2,llmlingua-0.2.2,microsoft/llmlingua-2-bert-base-multilingual-cased-meetingbank@main,gpt2
2wikimqa,2wikimqa-5844352bd3fe5898756970abec3099ec694be6ad15c498db,0.4,0.34284597341673184,-0.05715402658326818,2558,513.8274999917485,llmlingua2,llmlingua-0.2.2,microsoft/llmlingua-2-bert-base-multilingual-cased-meetingbank@main,gpt2
2wikimqa,2wikimqa-5844352bd3fe5898756970abec3099ec694be6ad15c498db,0.3,0.254886630179828,-0.045113369820172,2558,528.1637079897337,llmlingua2,llmlingua-0.2.2,microsoft/llmlingua-2-bert-base-multilingual-cased-meetingbank@main,gpt2
2wikimqa,2wikimqa-5844352bd3fe5898756970abec3099ec694be6ad15c498db,0.2,0.16810007818608289,-0.031899921813917126,2558,486.0682910075411,llmlingua2,llmlingua-0.2.2,microsoft/llmlingua-2-bert-base-multilingual-cased-meetingbank@main,gpt2
2wikimqa,2wikimqa-ef73e58876b94a997d928ee13b7ac7cdb8b8aa0bac856a92,0.8,0.7407723855092276,-0.05922761449077241,5852,1242.9739169892855,llmlingua2,llmlingua-0.2.2,microsoft/llmlingua-2-bert-base-multilingual-cased-meetingbank@main,gpt2
2wikimqa,2wikimqa-ef73e58876b94a997d928ee13b7ac7cdb8b8aa0bac856a92,0.65,0.5746753246753247,-0.07532467532467535,5852,1208.8995419908315,llmlingua2,llmlingua-0.2.2,microsoft/llmlingua-2-bert-base-multilingual-cased-meetingbank@main,gpt2
2wikimqa,2wikimqa-ef73e58876b94a997d928ee13b7ac7cdb8b8aa0bac856a92,0.5,0.42925495557074506,-0.07074504442925494,5852,1208.5550829942804,llmlingua2,llmlingua-0.2.2,microsoft/llmlingua-2-bert-base-multilingual-cased-meetingbank@main,gpt2
2wikimqa,2wikimqa-ef73e58876b94a997d928ee13b7ac7cdb8b8aa0bac856a92,0.4,0.3371496924128503,-0.06285030758714971,5852,1186.2394999770913,llmlingua2,llmlingua-0.2.2,microsoft/llmlingua-2-bert-base-multilingual-cased-meetingbank@main,gpt2
2wikimqa,2wikimqa-ef73e58876b94a997d928ee13b7ac7cdb8b8aa0bac856a92,0.3,0.2479494190020506,-0.0520505809979494,5852,1268.5920410149265,llmlingua2,llmlingua-0.2.2,microsoft/llmlingua-2-bert-base-multilingual-cased-meetingbank@main,gpt2
2wikimqa,2wikimqa-ef73e58876b94a997d928ee13b7ac7cdb8b8aa0bac856a92,0.2,0.16421736158578265,-0.03578263841421736,5852,1150.8630830212496,llmlingua2,llmlingua-0.2.2,microsoft/llmlingua-2-bert-base-multilingual-cased-meetingbank@main,gpt2
2wikimqa,2wikimqa-0a64d8873482d91efc595a508218c6ce881c13c95028039e,0.8,0.7404103479036575,-0.059589652096342594,3363,564.3066659977194,llmlingua2,llmlingua-0.2.2,microsoft/llmlingua-2-bert-base-multilingual-cased-meetingbank@main,gpt2
2wikimqa,2wikimqa-0a64d8873482d91efc595a508218c6ce881c13c95028039e,0.65,0.5718108831400536,-0.07818911685994645,3363,583.7596250057686,llmlingua2,llmlingua-0.2.2,microsoft/llmlingua-2-bert-base-multilingual-cased-meetingbank@main,gpt2
2wikimqa,2wikimqa-0a64d8873482d91efc595a508218c6ce881c13c95028039e,0.5,0.4231341064525721,-0.0768658935474279,3363,756.3813749875408,llmlingua2,llmlingua-0.2.2,microsoft/llmlingua-2-bert-base-multilingual-cased-meetingbank@main,gpt2
2wikimqa,2wikimqa-0a64d8873482d91efc595a508218c6ce881c13c95028039e,0.4,0.3401724650609575,-0.059827534939042526,3363,514.8895000165794,llmlingua2,llmlingua-0.2.2,microsoft/llmlingua-2-bert-base-multilingual-cased-meetingbank@main,gpt2
2wikimqa,2wikimqa-0a64d8873482d91efc595a508218c6ce881c13c95028039e,0.3,0.25393993458221825,-0.04606006541778174,3363,577.182333014207,llmlingua2,llmlingua-0.2.2,microsoft/llmlingua-2-bert-base-multilingual-cased-meetingbank@main,gpt2
2wikimqa,2wikimqa-0a64d8873482d91efc595a508218c6ce881c13c95028039e,0.2,0.1703835860838537,-0.029616413916146306,3363,558.9981660014018,llmlingua2,llmlingua-0.2.2,microsoft/llmlingua-2-bert-base-multilingual-cased-meetingbank@main,gpt2
2wikimqa,2wikimqa-f5cf6d94b9e4e7adfc30d262396bc29e201d9e07ead1d088,0.8,0.7482343958770757,-0.0517656041229243,5239,1071.484167012386,llmlingua2,llmlingua-0.2.2,microsoft/llmlingua-2-bert-base-multilingual-cased-meetingbank@main,gpt2
2wikimqa,2wikimqa-f5cf6d94b9e4e7adfc30d262396bc29e201d9e07ead1d088,0.65,0.5850353120824585,-0.06496468791754151,5239,1094.0347089781426,llmlingua2,llmlingua-0.2.2,microsoft/llmlingua-2-bert-base-multilingual-cased-meetingbank@main,gpt2
2wikimqa,2wikimqa-f5cf6d94b9e4e7adfc30d262396bc29e201d9e07ead1d088,0.5,0.4434052300057263,-0.05659476999427371,5239,1073.568374995375,llmlingua2,llmlingua-0.2.2,microsoft/llmlingua-2-bert-base-multilingual-cased-meetingbank@main,gpt2
2wikimqa,2wikimqa-f5cf6d94b9e4e7adfc30d262396bc29e201d9e07ead1d088,0.4,0.3504485588852835,-0.04955144111471654,5239,1028.5413329838775,llmlingua2,llmlingua-0.2.2,microsoft/llmlingua-2-bert-base-multilingual-cased-meetingbank@main,gpt2
2wikimqa,2wikimqa-f5cf6d94b9e4e7adfc30d262396bc29e201d9e07ead1d088,0.3,0.2616911624355793,-0.03830883756442066,5239,994.7121250152122,llmlingua2,llmlingua-0.2.2,microsoft/llmlingua-2-bert-base-multilingual-cased-meetingbank@main,gpt2
2wikimqa,2wikimqa-f5cf6d94b9e4e7adfc30d262396bc29e201d9e07ead1d088,0.2,0.17255201374308074,-0.02744798625691927,5239,1015.7217080122791,llmlingua2,llmlingua-0.2.2,microsoft/llmlingua-2-bert-base-multilingual-cased-meetingbank@main,gpt2
2wikimqa,2wikimqa-7a35ba110f4c26f7eb9d4dcc2e8c1baac383c777f0904976,0.8,0.7123224919835089,-0.0876775080164911,4366,795.6876670068596,llmlingua2,llmlingua-0.2.2,microsoft/llmlingua-2-bert-base-multilingual-cased-meetingbank@main,gpt2
2wikimqa,2wikimqa-7a35ba110f4c26f7eb9d4dcc2e8c1baac383c777f0904976,0.65,0.5606962895098488,-0.08930371049015118,4366,767.0193329977337,llmlingua2,llmlingua-0.2.2,microsoft/llmlingua-2-bert-base-multilingual-cased-meetingbank@main,gpt2
2wikimqa,2wikimqa-7a35ba110f4c26f7eb9d4dcc2e8c1baac383c777f0904976,0.5,0.42899679340357305,-0.07100320659642695,4366,735.6943749764469,llmlingua2,llmlingua-0.2.2,microsoft/llmlingua-2-bert-base-multilingual-cased-meetingbank@main,gpt2
2wikimqa,2wikimqa-7a35ba110f4c26f7eb9d4dcc2e8c1baac383c777f0904976,0.4,0.34035730645900136,-0.05964269354099866,4366,757.7774999954272,llmlingua2,llmlingua-0.2.2,microsoft/llmlingua-2-bert-base-multilingual-cased-meetingbank@main,gpt2
2wikimqa,2wikimqa-7a35ba110f4c26f7eb9d4dcc2e8c1baac383c777f0904976,0.3,0.25400824553366924,-0.04599175446633075,4366,813.5978339996655,llmlingua2,llmlingua-0.2.2,microsoft/llmlingua-2-bert-base-multilingual-cased-meetingbank@main,gpt2
2wikimqa,2wikimqa-7a35ba110f4c26f7eb9d4dcc2e8c1baac383c777f0904976,0.2,0.16880439761795693,-0.03119560238204308,4366,855.6680829788093,llmlingua2,llmlingua-0.2.2,microsoft/llmlingua-2-bert-base-multilingual-cased-meetingbank@main,gpt2
2wikimqa,2wikimqa-059802de84ebd63ee99284c9cb2b7db2d45ca66c55e68ee1,0.8,0.7346307748272098,-0.0653692251727902,5498,1142.808167001931,llmlingua2,llmlingua-0.2.2,microsoft/llmlingua-2-bert-base-multilingual-cased-meetingbank@main,gpt2
2wikimqa,2wikimqa-059802de84ebd63ee99284c9cb2b7db2d45ca66c55e68ee1,0.65,0.5743906875227356,-0.07560931247726443,5498,1076.1112499749288,llmlingua2,llmlingua-0.2.2,microsoft/llmlingua-2-bert-base-multilingual-cased-meetingbank@main,gpt2
2wikimqa,2wikimqa-059802de84ebd63ee99284c9cb2b7db2d45ca66c55e68ee1,0.5,0.43124772644598036,-0.06875227355401964,5498,1135.115625016624,llmlingua2,llmlingua-0.2.2,microsoft/llmlingua-2-bert-base-multilingual-cased-meetingbank@main,gpt2
2wikimqa,2wikimqa-059802de84ebd63ee99284c9cb2b7db2d45ca66c55e68ee1,0.4,0.34157875591124043,-0.058421244088759594,5498,1044.446208019508,llmlingua2,llmlingua-0.2.2,microsoft/llmlingua-2-bert-base-multilingual-cased-meetingbank@main,gpt2
2wikimqa,2wikimqa-059802de84ebd63ee99284c9cb2b7db2d45ca66c55e68ee1,0.3,0.25281920698435795,-0.04718079301564204,5498,1065.0105840177275,llmlingua2,llmlingua-0.2.2,microsoft/llmlingua-2-bert-base-multilingual-cased-meetingbank@main,gpt2
2wikimqa,2wikimqa-059802de84ebd63ee99284c9cb2b7db2d45ca66c55e68ee1,0.2,0.16515096398690432,-0.03484903601309569,5498,1082.2569169977214,llmlingua2,llmlingua-0.2.2,microsoft/llmlingua-2-bert-base-multilingual-cased-meetingbank@main,gpt2
2wikimqa,2wikimqa-d0b11838d26195f89d1568431f88a02b4f4d8c9cdf99e04a,0.8,0.7382910861171731,-0.061708913882826955,5957,1138.4854580101091,llmlingua2,llmlingua-0.2.2,microsoft/llmlingua-2-bert-base-multilingual-cased-meetingbank@main,gpt2
2wikimqa,2wikimqa-d0b11838d26195f89d1568431f88a02b4f4d8c9cdf99e04a,0.65,0.5756253147557495,-0.0743746852442505,5957,1177.7104159991723,llmlingua2,llmlingua-0.2.2,microsoft/llmlingua-2-bert-base-multilingual-cased-meetingbank@main,gpt2
2wikimqa,2wikimqa-d0b11838d26195f89d1568431f88a02b4f4d8c9cdf99e04a,0.5,0.43646130602652344,-0.06353869397347656,5957,1167.9446249909233,llmlingua2,llmlingua-0.2.2,microsoft/llmlingua-2-bert-base-multilingual-cased-meetingbank@main,gpt2
2wikimqa,2wikimqa-d0b11838d26195f89d1568431f88a02b4f4d8c9cdf99e04a,0.4,0.3476582172234346,-0.052341782776565426,5957,1176.0163339786232,llmlingua2,llmlingua-0.2.2,microsoft/llmlingua-2-bert-base-multilingual-cased-meetingbank@main,gpt2
2wikimqa,2wikimqa-d0b11838d26195f89d1568431f88a02b4f4d8c9cdf99e04a,0.3,0.25902299815343294,-0.04097700184656705,5957,1132.1233749913517,llmlingua2,llmlingua-0.2.2,microsoft/llmlingua-2-bert-base-multilingual-cased-meetingbank@main,gpt2
2wikimqa,2wikimqa-d0b11838d26195f89d1568431f88a02b4f4d8c9cdf99e04a,0.2,0.17374517374517376,-0.026254826254826252,5957,1171.7260840232484,llmlingua2,llmlingua-0.2.2,microsoft/llmlingua-2-bert-base-multilingual-cased-meetingbank@main,gpt2
2wikimqa,2wikimqa-cab5465c3f7663e5d72c15a32bc04c8a917dac3c03828814,0.8,0.7088074167720185,-0.09119258322798152,4746,868.6319169937633,llmlingua2,llmlingua-0.2.2,microsoft/llmlingua-2-bert-base-multilingual-cased-meetingbank@main,gpt2
2wikimqa,2wikimqa-cab5465c3f7663e5d72c15a32bc04c8a917dac3c03828814,0.65,0.5592077538980194,-0.09079224610198067,4746,884.9487080005929,llmlingua2,llmlingua-0.2.2,microsoft/llmlingua-2-bert-base-multilingual-cased-meetingbank@main,gpt2
2wikimqa,2wikimqa-cab5465c3f7663e5d72c15a32bc04c8a917dac3c03828814,0.5,0.4300463548251159,-0.06995364517488412,4746,898.1680840079207,llmlingua2,llmlingua-0.2.2,microsoft/llmlingua-2-bert-base-multilingual-cased-meetingbank@main,gpt2
2wikimqa,2wikimqa-cab5465c3f7663e5d72c15a32bc04c8a917dac3c03828814,0.4,0.3411293721028234,-0.05887062789717662,4746,859.3602089968044,llmlingua2,llmlingua-0.2.2,microsoft/llmlingua-2-bert-base-multilingual-cased-meetingbank@main,gpt2
2wikimqa,2wikimqa-cab5465c3f7663e5d72c15a32bc04c8a917dac3c03828814,0.3,0.2534766118836915,-0.04652338811630846,4746,851.5768329962157,llmlingua2,llmlingua-0.2.2,microsoft/llmlingua-2-bert-base-multilingual-cased-meetingbank@main,gpt2
2wikimqa,2wikimqa-cab5465c3f7663e5d72c15a32bc04c8a917dac3c03828814,0.2,0.16877370417193427,-0.031226295828065742,4746,876.274000009289,llmlingua2,llmlingua-0.2.2,microsoft/llmlingua-2-bert-base-multilingual-cased-meetingbank@main,gpt2
2wikimqa,2wikimqa-919cc6b1e482c475dc93740aae3549bc6012d644fb29562c,0.8,0.7394440908126458,-0.06055590918735421,4713,1008.4682079905178,llmlingua2,llmlingua-0.2.2,microsoft/llmlingua-2-bert-base-multilingual-cased-meetingbank@main,gpt2
2wikimqa,2wikimqa-919cc6b1e482c475dc93740aae3549bc6012d644fb29562c,0.65,0.5760661998726926,-0.07393380012730744,4713,1012.4783749924973,llmlingua2,llmlingua-0.2.2,microsoft/llmlingua-2-bert-base-multilingual-cased-meetingbank@main,gpt2
2wikimqa,2wikimqa-919cc6b1e482c475dc93740aae3549bc6012d644fb29562c,0.5,0.42987481434330577,-0.07012518565669423,4713,993.3385830081534,llmlingua2,llmlingua-0.2.2,microsoft/llmlingua-2-bert-base-multilingual-cased-meetingbank@main,gpt2
2wikimqa,2wikimqa-919cc6b1e482c475dc93740aae3549bc6012d644fb29562c,0.4,0.3371525567579037,-0.06284744324209635,4713,973.99112500716,llmlingua2,llmlingua-0.2.2,microsoft/llmlingua-2-bert-base-multilingual-cased-meetingbank@main,gpt2
2wikimqa,2wikimqa-919cc6b1e482c475dc93740aae3549bc6012d644fb29562c,0.3,0.24740080628050073,-0.052599193719499254,4713,1016.9604170077946,llmlingua2,llmlingua-0.2.2,microsoft/llmlingua-2-bert-base-multilingual-cased-meetingbank@main,gpt2
2wikimqa,2wikimqa-919cc6b1e482c475dc93740aae3549bc6012d644fb29562c,0.2,0.16146827922766815,-0.03853172077233186,4713,1010.6856249913108,llmlingua2,llmlingua-0.2.2,microsoft/llmlingua-2-bert-base-multilingual-cased-meetingbank@main,gpt2
2wikimqa,2wikimqa-c7347f362602f3a0be4b051c0b68219e0648afa64772bd30,0.8,0.7436399217221135,-0.05636007827788658,2555,547.5396660040133,llmlingua2,llmlingua-0.2.2,microsoft/llmlingua-2-bert-base-multilingual-cased-meetingbank@main,gpt2
2wikimqa,2wikimqa-c7347f362602f3a0be4b051c0b68219e0648afa64772bd30,0.65,0.5819960861056751,-0.06800391389432492,2555,540.7674169982783,llmlingua2,llmlingua-0.2.2,microsoft/llmlingua-2-bert-base-multilingual-cased-meetingbank@main,gpt2
2wikimqa,2wikimqa-c7347f362602f3a0be4b051c0b68219e0648afa64772bd30,0.5,0.4395303326810176,-0.0604696673189824,2555,528.2652080059052,llmlingua2,llmlingua-0.2.2,microsoft/llmlingua-2-bert-base-multilingual-cased-meetingbank@main,gpt2
2wikimqa,2wikimqa-c7347f362602f3a0be4b051c0b68219e0648afa64772bd30,0.4,0.3452054794520548,-0.0547945205479452,2555,519.5397500065155,llmlingua2,llmlingua-0.2.2,microsoft/llmlingua-2-bert-base-multilingual-cased-meetingbank@main,gpt2
2wikimqa,2wikimqa-c7347f362602f3a0be4b051c0b68219e0648afa64772bd30,0.3,0.26105675146771035,-0.03894324853228964,2555,513.8808339834213,llmlingua2,llmlingua-0.2.2,microsoft/llmlingua-2-bert-base-multilingual-cased-meetingbank@main,gpt2
2wikimqa,2wikimqa-c7347f362602f3a0be4b051c0b68219e0648afa64772bd30,0.2,0.17377690802348336,-0.02622309197651665,2555,511.0436670074705,llmlingua2,llmlingua-0.2.2,microsoft/llmlingua-2-bert-base-multilingual-cased-meetingbank@main,gpt2
2wikimqa,2wikimqa-633204c891118a6f3d1ae62d7b444c2ee02ad0cbae4876cc,0.8,0.7242445871996194,-0.07575541280038067,4203,705.2776670025196,llmlingua2,llmlingua-0.2.2,microsoft/llmlingua-2-bert-base-multilingual-cased-meetingbank@main,gpt2
2wikimqa,2wikimqa-633204c891118a6f3d1ae62d7b444c2ee02ad0cbae4876cc,0.65,0.57054484891744,-0.07945515108256007,4203,704.4198750227224,llmlingua2,llmlingua-0.2.2,microsoft/llmlingua-2-bert-base-multilingual-cased-meetingbank@main,gpt2
2wikimqa,2wikimqa-633204c891118a6f3d1ae62d7b444c2ee02ad0cbae4876cc,0.5,0.43326195574589577,-0.06673804425410423,4203,725.5132080172189,llmlingua2,llmlingua-0.2.2,microsoft/llmlingua-2-bert-base-multilingual-cased-meetingbank@main,gpt2
2wikimqa,2wikimqa-633204c891118a6f3d1ae62d7b444c2ee02ad0cbae4876cc,0.4,0.3426124197002141,-0.05738758029978591,4203,752.7197080198675,llmlingua2,llmlingua-0.2.2,microsoft/llmlingua-2-bert-base-multilingual-cased-meetingbank@main,gpt2
2wikimqa,2wikimqa-633204c891118a6f3d1ae62d7b444c2ee02ad0cbae4876cc,0.3,0.2533904354032834,-0.04660956459671661,4203,745.6857080105692,llmlingua2,llmlingua-0.2.2,microsoft/llmlingua-2-bert-base-multilingual-cased-meetingbank@main,gpt2
2wikimqa,2wikimqa-633204c891118a6f3d1ae62d7b444c2ee02ad0cbae4876cc,0.2,0.16416845110635261,-0.0358315488936474,4203,833.3562920161057,llmlingua2,llmlingua-0.2.2,microsoft/llmlingua-2-bert-base-multilingual-cased-meetingbank@main,gpt2
2wikimqa,2wikimqa-f0523a41000b43996413780968b611c3f4d28b87f4acc859,0.8,0.7008547008547008,-0.09914529914529924,1755,396.99687500251457,llmlingua2,llmlingua-0.2.2,microsoft/llmlingua-2-bert-base-multilingual-cased-meetingbank@main,gpt2
2wikimqa,2wikimqa-f0523a41000b43996413780968b611c3f4d28b87f4acc859,0.65,0.5435897435897435,-0.10641025641025648,1755,535.9020420000888,llmlingua2,llmlingua-0.2.2,microsoft/llmlingua-2-bert-base-multilingual-cased-meetingbank@main,gpt2
2wikimqa,2wikimqa-f0523a41000b43996413780968b611c3f4d28b87f4acc859,0.5,0.40854700854700854,-0.09145299145299146,1755,374.3771250010468,llmlingua2,llmlingua-0.2.2,microsoft/llmlingua-2-bert-base-multilingual-cased-meetingbank@main,gpt2
2wikimqa,2wikimqa-f0523a41000b43996413780968b611c3f4d28b87f4acc859,0.4,0.3207977207977208,-0.07920227920227924,1755,371.66154201258905,llmlingua2,llmlingua-0.2.2,microsoft/llmlingua-2-bert-base-multilingual-cased-meetingbank@main,gpt2
2wikimqa,2wikimqa-f0523a41000b43996413780968b611c3f4d28b87f4acc859,0.3,0.24102564102564103,-0.05897435897435896,1755,374.8512910096906,llmlingua2,llmlingua-0.2.2,microsoft/llmlingua-2-bert-base-multilingual-cased-meetingbank@main,gpt2
2wikimqa,2wikimqa-f0523a41000b43996413780968b611c3f4d28b87f4acc859,0.2,0.15897435897435896,-0.041025641025641046,1755,362.3869589937385,llmlingua2,llmlingua-0.2.2,microsoft/llmlingua-2-bert-base-multilingual-cased-meetingbank@main,gpt2
2wikimqa,2wikimqa-1ff4dc6c1f7c02445945ced1b35a08544d7ba76089675883,0.8,0.7335186656076251,-0.06648133439237491,5036,1065.6230830063578,llmlingua2,llmlingua-0.2.2,microsoft/llmlingua-2-bert-base-multilingual-cased-meetingbank@main,gpt2
2wikimqa,2wikimqa-1ff4dc6c1f7c02445945ced1b35a08544d7ba76089675883,0.65,0.574066719618745,-0.07593328038125502,5036,1053.4301250008866,llmlingua2,llmlingua-0.2.2,microsoft/llmlingua-2-bert-base-multilingual-cased-meetingbank@main,gpt2
2wikimqa,2wikimqa-1ff4dc6c1f7c02445945ced1b35a08544d7ba76089675883,0.5,0.4301032565528197,-0.06989674344718028,5036,1126.1567499896046,llmlingua2,llmlingua-0.2.2,microsoft/llmlingua-2-bert-base-multilingual-cased-meetingbank@main,gpt2
2wikimqa,2wikimqa-1ff4dc6c1f7c02445945ced1b35a08544d7ba76089675883,0.4,0.3403494837172359,-0.05965051628276413,5036,1092.6964169775601,llmlingua2,llmlingua-0.2.2,microsoft/llmlingua-2-bert-base-multilingual-cased-meetingbank@main,gpt2
2wikimqa,2wikimqa-1ff4dc6c1f7c02445945ced1b35a08544d7ba76089675883,0.3,0.2529785544082605,-0.047021445591739486,5036,1091.74350000103,llmlingua2,llmlingua-0.2.2,microsoft/llmlingua-2-bert-base-multilingual-cased-meetingbank@main,gpt2
2wikimqa,2wikimqa-1ff4dc6c1f7c02445945ced1b35a08544d7ba76089675883,0.2,0.1669976171564734,-0.033002382843526606,5036,1033.4552499989513,llmlingua2,llmlingua-0.2.2,microsoft/llmlingua-2-bert-base-multilingual-cased-meetingbank@main,gpt2
2wikimqa,2wikimqa-7140432f1c424674d04ea819fa63f85aa4f154d72ab66285,0.8,0.7529815684857246,-0.04701843151427543,5534,1041.0411659977399,llmlingua2,llmlingua-0.2.2,microsoft/llmlingua-2-bert-base-multilingual-cased-meetingbank@main,gpt2
2wikimqa,2wikimqa-7140432f1c424674d04ea819fa63f85aa4f154d72ab66285,0.65,0.5916154680159017,-0.05838453198409832,5534,1125.2398749929853,llmlingua2,llmlingua-0.2.2,microsoft/llmlingua-2-bert-base-multilingual-cased-meetingbank@main,gpt2
2wikimqa,2wikimqa-7140432f1c424674d04ea819fa63f85aa4f154d72ab66285,0.5,0.4457896638959162,-0.05421033610408382,5534,1113.5436249896884,llmlingua2,llmlingua-0.2.2,microsoft/llmlingua-2-bert-base-multilingual-cased-meetingbank@main,gpt2
2wikimqa,2wikimqa-7140432f1c424674d04ea819fa63f85aa4f154d72ab66285,0.4,0.35453559812070834,-0.04546440187929168,5534,1149.1899999964517,llmlingua2,llmlingua-0.2.2,microsoft/llmlingua-2-bert-base-multilingual-cased-meetingbank@main,gpt2
2wikimqa,2wikimqa-7140432f1c424674d04ea819fa63f85aa4f154d72ab66285,0.3,0.26490784242862303,-0.03509215757137696,5534,986.9933330046479,llmlingua2,llmlingua-0.2.2,microsoft/llmlingua-2-bert-base-multilingual-cased-meetingbank@main,gpt2
2wikimqa,2wikimqa-7140432f1c424674d04ea819fa63f85aa4f154d72ab66285,0.2,0.17509938561619082,-0.024900614383809194,5534,992.0543329790235,llmlingua2,llmlingua-0.2.2,microsoft/llmlingua-2-bert-base-multilingual-cased-meetingbank@main,gpt2
2wikimqa,2wikimqa-6110cb2d4156df8d180fdd01e5f340c4731f7d1f4583fc5a,0.8,0.7467909266748726,-0.053209073325127476,5687,964.1675000020768,llmlingua2,llmlingua-0.2.2,microsoft/llmlingua-2-bert-base-multilingual-cased-meetingbank@main,gpt2
2wikimqa,2wikimqa-6110cb2d4156df8d180fdd01e5f340c4731f7d1f4583fc5a,0.65,0.5827325479163004,-0.06726745208369966,5687,977.373166999314,llmlingua2,llmlingua-0.2.2,microsoft/llmlingua-2-bert-base-multilingual-cased-meetingbank@main,gpt2
2wikimqa,2wikimqa-6110cb2d4156df8d180fdd01e5f340c4731f7d1f4583fc5a,0.5,0.43748901002285917,-0.06251098997714083,5687,994.8147920076735,llmlingua2,llmlingua-0.2.2,microsoft/llmlingua-2-bert-base-multilingual-cased-meetingbank@main,gpt2
2wikimqa,2wikimqa-6110cb2d4156df8d180fdd01e5f340c4731f7d1f4583fc5a,0.4,0.34148056972041496,-0.05851943027958506,5687,980.259208008647,llmlingua2,llmlingua-0.2.2,microsoft/llmlingua-2-bert-base-multilingual-cased-meetingbank@main,gpt2
2wikimqa,2wikimqa-6110cb2d4156df8d180fdd01e5f340c4731f7d1f4583fc5a,0.3,0.2495164410058027,-0.05048355899419729,5687,966.1432499997318,llmlingua2,llmlingua-0.2.2,microsoft/llmlingua-2-bert-base-multilingual-cased-meetingbank@main,gpt2
2wikimqa,2wikimqa-6110cb2d4156df8d180fdd01e5f340c4731f7d1f4583fc5a,0.2,0.16546509583260066,-0.03453490416739935,5687,1010.6875839992426,llmlingua2,llmlingua-0.2.2,microsoft/llmlingua-2-bert-base-multilingual-cased-meetingbank@main,gpt2
2wikimqa,2wikimqa-0d02726cbaab0fbd2e84b7537550154e8aa96f81abb2864b,0.8,0.7509019068888507,-0.04909809311114932,5821,1058.8515419804025,llmlingua2,llmlingua-0.2.2,microsoft/llmlingua-2-bert-base-multilingual-cased-meetingbank@main,gpt2
2wikimqa,2wikimqa-0d02726cbaab0fbd2e84b7537550154e8aa96f81abb2864b,0.65,0.5909637519326576,-0.05903624806734242,5821,1068.1330419902224,llmlingua2,llmlingua-0.2.2,microsoft/llmlingua-2-bert-base-multilingual-cased-meetingbank@main,gpt2
2wikimqa,2wikimqa-0d02726cbaab0fbd2e84b7537550154e8aa96f81abb2864b,0.5,0.4440817728912558,-0.05591822710874422,5821,1034.9759169912431,llmlingua2,llmlingua-0.2.2,microsoft/llmlingua-2-bert-base-multilingual-cased-meetingbank@main,gpt2
2wikimqa,2wikimqa-0d02726cbaab0fbd2e84b7537550154e8aa96f81abb2864b,0.4,0.35114241539254426,-0.04885758460745576,5821,1026.0734579933342,llmlingua2,llmlingua-0.2.2,microsoft/llmlingua-2-bert-base-multilingual-cased-meetingbank@main,gpt2
2wikimqa,2wikimqa-0d02726cbaab0fbd2e84b7537550154e8aa96f81abb2864b,0.3,0.26232606081429305,-0.03767393918570694,5821,1063.6496669903863,llmlingua2,llmlingua-0.2.2,microsoft/llmlingua-2-bert-base-multilingual-cased-meetingbank@main,gpt2
2wikimqa,2wikimqa-0d02726cbaab0fbd2e84b7537550154e8aa96f81abb2864b,0.2,0.1743686651778045,-0.025631334822195512,5821,1126.4423750108108,llmlingua2,llmlingua-0.2.2,microsoft/llmlingua-2-bert-base-multilingual-cased-meetingbank@main,gpt2
2wikimqa,2wikimqa-9ef1c9e836fb3844fe16369a346088af89b8da29e24aab1f,0.8,0.7258641239570918,-0.07413587604290828,4195,728.2142500043847,llmlingua2,llmlingua-0.2.2,microsoft/llmlingua-2-bert-base-multilingual-cased-meetingbank@main,gpt2
2wikimqa,2wikimqa-9ef1c9e836fb3844fe16369a346088af89b8da29e24aab1f,0.65,0.5699642431466031,-0.08003575685339692,4195,713.825667015044,llmlingua2,llmlingua-0.2.2,microsoft/llmlingua-2-bert-base-multilingual-cased-meetingbank@main,gpt2
2wikimqa,2wikimqa-9ef1c9e836fb3844fe16369a346088af89b8da29e24aab1f,0.5,0.42908224076281287,-0.07091775923718713,4195,708.815499994671,llmlingua2,llmlingua-0.2.2,microsoft/llmlingua-2-bert-base-multilingual-cased-meetingbank@main,gpt2
2wikimqa,2wikimqa-9ef1c9e836fb3844fe16369a346088af89b8da29e24aab1f,0.4,0.34183551847437427,-0.058164481525625755,4195,706.8640420038719,llmlingua2,llmlingua-0.2.2,microsoft/llmlingua-2-bert-base-multilingual-cased-meetingbank@main,gpt2
2wikimqa,2wikimqa-9ef1c9e836fb3844fe16369a346088af89b8da29e24aab1f,0.3,0.25387365911799764,-0.04612634088200235,4195,767.9673329985235,llmlingua2,llmlingua-0.2.2,microsoft/llmlingua-2-bert-base-multilingual-cased-meetingbank@main,gpt2
2wikimqa,2wikimqa-9ef1c9e836fb3844fe16369a346088af89b8da29e24aab1f,0.2,0.16567342073897498,-0.03432657926102503,4195,714.4948749919422,llmlingua2,llmlingua-0.2.2,microsoft/llmlingua-2-bert-base-multilingual-cased-meetingbank@main,gpt2
2wikimqa,2wikimqa-93ef40c0bfa088c2a2dd3302976a950cba3e8d97767f65ce,0.8,0.7262280953748923,-0.07377190462510774,3481,639.1129579860717,llmlingua2,llmlingua-0.2.2,microsoft/llmlingua-2-bert-base-multilingual-cased-meetingbank@main,gpt2
2wikimqa,2wikimqa-93ef40c0bfa088c2a2dd3302976a950cba3e8d97767f65ce,0.65,0.5650675093363976,-0.08493249066360242,3481,635.22420800291,llmlingua2,llmlingua-0.2.2,microsoft/llmlingua-2-bert-base-multilingual-cased-meetingbank@main,gpt2
2wikimqa,2wikimqa-93ef40c0bfa088c2a2dd3302976a950cba3e8d97767f65ce,0.5,0.4268888250502729,-0.07311117494972708,3481,650.0558340048883,llmlingua2,llmlingua-0.2.2,microsoft/llmlingua-2-bert-base-multilingual-cased-meetingbank@main,gpt2
2wikimqa,2wikimqa-93ef40c0bfa088c2a2dd3302976a950cba3e8d97767f65ce,0.4,0.34128124102269464,-0.058718758977305385,3481,646.3735419965815,llmlingua2,llmlingua-0.2.2,microsoft/llmlingua-2-bert-base-multilingual-cased-meetingbank@main,gpt2
2wikimqa,2wikimqa-93ef40c0bfa088c2a2dd3302976a950cba3e8d97767f65ce,0.3,0.2553863832232117,-0.04461361677678827,3481,630.6955000036396,llmlingua2,llmlingua-0.2.2,microsoft/llmlingua-2-bert-base-multilingual-cased-meetingbank@main,gpt2
2wikimqa,2wikimqa-93ef40c0bfa088c2a2dd3302976a950cba3e8d97767f65ce,0.2,0.16920425165182418,-0.030795748348175833,3481,582.7437499829102,llmlingua2,llmlingua-0.2.2,microsoft/llmlingua-2-bert-base-multilingual-cased-meetingbank@main,gpt2
2wikimqa,2wikimqa-67705e148a6e0540819f466bb4fdc73ed2e5cbcd64d80930,0.8,0.7413793103448276,-0.05862068965517242,5394,974.0183330141008,llmlingua2,llmlingua-0.2.2,microsoft/llmlingua-2-bert-base-multilingual-cased-meetingbank@main,gpt2
2wikimqa,2wikimqa-67705e148a6e0540819f466bb4fdc73ed2e5cbcd64d80930,0.65,0.5808305524657026,-0.06916944753429743,5394,962.2144580062013,llmlingua2,llmlingua-0.2.2,microsoft/llmlingua-2-bert-base-multilingual-cased-meetingbank@main,gpt2
2wikimqa,2wikimqa-67705e148a6e0540819f466bb4fdc73ed2e5cbcd64d80930,0.5,0.43622543566926214,-0.06377456433073786,5394,960.2128340047784,llmlingua2,llmlingua-0.2.2,microsoft/llmlingua-2-bert-base-multilingual-cased-meetingbank@main,gpt2
2wikimqa,2wikimqa-67705e148a6e0540819f466bb4fdc73ed2e5cbcd64d80930,0.4,0.3446421950315165,-0.055357804968483526,5394,934.2460420157295,llmlingua2,llmlingua-0.2.2,microsoft/llmlingua-2-bert-base-multilingual-cased-meetingbank@main,gpt2
2wikimqa,2wikimqa-67705e148a6e0540819f466bb4fdc73ed2e5cbcd64d80930,0.3,0.25973303670745274,-0.04026696329254725,5394,955.9003750036936,llmlingua2,llmlingua-0.2.2,microsoft/llmlingua-2-bert-base-multilingual-cased-meetingbank@main,gpt2
2wikimqa,2wikimqa-67705e148a6e0540819f466bb4fdc73ed2e5cbcd64d80930,0.2,0.1707452725250278,-0.02925472747497221,5394,1045.8427910052706,llmlingua2,llmlingua-0.2.2,microsoft/llmlingua-2-bert-base-multilingual-cased-meetingbank@main,gpt2
2wikimqa,2wikimqa-77a79ad1902a4732e8030d79380395b7e614d65de3cdd038,0.8,0.7119565217391305,-0.08804347826086956,2024,343.77341700019315,llmlingua2,llmlingua-0.2.2,microsoft/llmlingua-2-bert-base-multilingual-cased-meetingbank@main,gpt2
2wikimqa,2wikimqa-77a79ad1902a4732e8030d79380395b7e614d65de3cdd038,0.65,0.549407114624506,-0.10059288537549405,2024,352.6451670040842,llmlingua2,llmlingua-0.2.2,microsoft/llmlingua-2-bert-base-multilingual-cased-meetingbank@main,gpt2
2wikimqa,2wikimqa-77a79ad1902a4732e8030d79380395b7e614d65de3cdd038,0.5,0.4095849802371542,-0.09041501976284583,2024,335.1980829902459,llmlingua2,llmlingua-0.2.2,microsoft/llmlingua-2-bert-base-multilingual-cased-meetingbank@main,gpt2
2wikimqa,2wikimqa-77a79ad1902a4732e8030d79380395b7e614d65de3cdd038,0.4,0.3211462450592885,-0.0788537549407115,2024,330.0577079935465,llmlingua2,llmlingua-0.2.2,microsoft/llmlingua-2-bert-base-multilingual-cased-meetingbank@main,gpt2
2wikimqa,2wikimqa-77a79ad1902a4732e8030d79380395b7e614d65de3cdd038,0.3,0.2440711462450593,-0.055928853754940694,2024,336.1687920114491,llmlingua2,llmlingua-0.2.2,microsoft/llmlingua-2-bert-base-multilingual-cased-meetingbank@main,gpt2
2wikimqa,2wikimqa-77a79ad1902a4732e8030d79380395b7e614d65de3cdd038,0.2,0.16600790513833993,-0.03399209486166008,2024,334.8493750090711,llmlingua2,llmlingua-0.2.2,microsoft/llmlingua-2-bert-base-multilingual-cased-meetingbank@main,gpt2
2wikimqa,2wikimqa-ee29eb2556135405fa19a48b0abdff0aceddef7594169c33,0.8,0.7476540187678499,-0.052345981232150174,4902,981.610290997196,llmlingua2,llmlingua-0.2.2,microsoft/llmlingua-2-bert-base-multilingual-cased-meetingbank@main,gpt2
2wikimqa,2wikimqa-ee29eb2556135405fa19a48b0abdff0aceddef7594169c33,0.65,0.5862913096695227,-0.06370869033047732,4902,1038.4547499998007,llmlingua2,llmlingua-0.2.2,microsoft/llmlingua-2-bert-base-multilingual-cased-meetingbank@main,gpt2
2wikimqa,2wikimqa-ee29eb2556135405fa19a48b0abdff0aceddef7594169c33,0.5,0.44165646674826603,-0.05834353325173397,4902,978.8578329898883,llmlingua2,llmlingua-0.2.2,microsoft/llmlingua-2-bert-base-multilingual-cased-meetingbank@main,gpt2
2wikimqa,2wikimqa-ee29eb2556135405fa19a48b0abdff0aceddef7594169c33,0.4,0.35210118319053446,-0.04789881680946556,4902,964.9854589952156,llmlingua2,llmlingua-0.2.2,microsoft/llmlingua-2-bert-base-multilingual-cased-meetingbank@main,gpt2
2wikimqa,2wikimqa-ee29eb2556135405fa19a48b0abdff0aceddef7594169c33,0.3,0.2609139126886985,-0.039086087311301476,4902,962.7155420021154,llmlingua2,llmlingua-0.2.2,microsoft/llmlingua-2-bert-base-multilingual-cased-meetingbank@main,gpt2
2wikimqa,2wikimqa-ee29eb2556135405fa19a48b0abdff0aceddef7594169c33,0.2,0.17237862097103224,-0.027621379028967774,4902,979.7350830049254,llmlingua2,llmlingua-0.2.2,microsoft/llmlingua-2-bert-base-multilingual-cased-meetingbank@main,gpt2
2wikimqa,2wikimqa-be0651d84c04af5de43e28cf89e78d7e87490e637167632e,0.8,0.7435514815604348,-0.05644851843956522,4691,968.3347910176963,llmlingua2,llmlingua-0.2.2,microsoft/llmlingua-2-bert-base-multilingual-cased-meetingbank@main,gpt2
2wikimqa,2wikimqa-be0651d84c04af5de43e28cf89e78d7e87490e637167632e,0.65,0.5804732466425069,-0.06952675335749314,4691,920.0324579724111,llmlingua2,llmlingua-0.2.2,microsoft/llmlingua-2-bert-base-multilingual-cased-meetingbank@main,gpt2
2wikimqa,2wikimqa-be0651d84c04af5de43e28cf89e78d7e87490e637167632e,0.5,0.43508846727776596,-0.06491153272223404,4691,929.0888750110753,llmlingua2,llmlingua-0.2.2,microsoft/llmlingua-2-bert-base-multilingual-cased-meetingbank@main,gpt2
2wikimqa,2wikimqa-be0651d84c04af5de43e28cf89e78d7e87490e637167632e,0.4,0.34598166702195693,-0.05401833297804309,4691,949.7887079778593,llmlingua2,llmlingua-0.2.2,microsoft/llmlingua-2-bert-base-multilingual-cased-meetingbank@main,gpt2
2wikimqa,2wikimqa-be0651d84c04af5de43e28cf89e78d7e87490e637167632e,0.3,0.2581539117458964,-0.041846088254103575,4691,952.907792001497,llmlingua2,llmlingua-0.2.2,microsoft/llmlingua-2-bert-base-multilingual-cased-meetingbank@main,gpt2
2wikimqa,2wikimqa-be0651d84c04af5de43e28cf89e78d7e87490e637167632e,0.2,0.17352376891920698,-0.026476231080793028,4691,961.3740830100141,llmlingua2,llmlingua-0.2.2,microsoft/llmlingua-2-bert-base-multilingual-cased-meetingbank@main,gpt2
2wikimqa,2wikimqa-13dde588b81d1de4a9984418bf3d6791de7d1b1edf21d61b,0.8,0.7174822250104559,-0.08251777498954416,4782,1075.420374982059,llmlingua2,llmlingua-0.2.2,microsoft/llmlingua-2-bert-base-multilingual-cased-meetingbank@main,gpt2
2wikimqa,2wikimqa-13dde588b81d1de4a9984418bf3d6791de7d1b1edf21d61b,0.65,0.5583437892095358,-0.09165621079046427,4782,1025.4962079925463,llmlingua2,llmlingua-0.2.2,microsoft/llmlingua-2-bert-base-multilingual-cased-meetingbank@main,gpt2
2wikimqa,2wikimqa-13dde588b81d1de4a9984418bf3d6791de7d1b1edf21d61b,0.5,0.41865328314512756,-0.08134671685487244,4782,1055.4973329999484,llmlingua2,llmlingua-0.2.2,microsoft/llmlingua-2-bert-base-multilingual-cased-meetingbank@main,gpt2
2wikimqa,2wikimqa-13dde588b81d1de4a9984418bf3d6791de7d1b1edf21d61b,0.4,0.33500627352572143,-0.06499372647427859,4782,1036.5972089930438,llmlingua2,llmlingua-0.2.2,microsoft/llmlingua-2-bert-base-multilingual-cased-meetingbank@main,gpt2
2wikimqa,2wikimqa-13dde588b81d1de4a9984418bf3d6791de7d1b1edf21d61b,0.3,0.2530322040987035,-0.046967795901296516,4782,1054.5493329991587,llmlingua2,llmlingua-0.2.2,microsoft/llmlingua-2-bert-base-multilingual-cased-meetingbank@main,gpt2
2wikimqa,2wikimqa-13dde588b81d1de4a9984418bf3d6791de7d1b1edf21d61b,0.2,0.1685487243831033,-0.0314512756168967,4782,1071.4229170116596,llmlingua2,llmlingua-0.2.2,microsoft/llmlingua-2-bert-base-multilingual-cased-meetingbank@main,gpt2
2wikimqa,2wikimqa-78227cb74e7b2401070e50abff8069510f5e5ccec0a2479f,0.8,0.7304029304029304,-0.06959706959706968,5460,1064.6968750224914,llmlingua2,llmlingua-0.2.2,microsoft/llmlingua-2-bert-base-multilingual-cased-meetingbank@main,gpt2
2wikimqa,2wikimqa-78227cb74e7b2401070e50abff8069510f5e5ccec0a2479f,0.65,0.5738095238095238,-0.07619047619047625,5460,1061.2662910134532,llmlingua2,llmlingua-0.2.2,microsoft/llmlingua-2-bert-base-multilingual-cased-meetingbank@main,gpt2
2wikimqa,2wikimqa-78227cb74e7b2401070e50abff8069510f5e5ccec0a2479f,0.5,0.43205128205128207,-0.06794871794871793,5460,996.1086249968503,llmlingua2,llmlingua-0.2.2,microsoft/llmlingua-2-bert-base-multilingual-cased-meetingbank@main,gpt2
2wikimqa,2wikimqa-78227cb74e7b2401070e50abff8069510f5e5ccec0a2479f,0.4,0.34413919413919414,-0.055860805860805884,5460,1160.4488750163,llmlingua2,llmlingua-0.2.2,microsoft/llmlingua-2-bert-base-multilingual-cased-meetingbank@main,gpt2
2wikimqa,2wikimqa-78227cb74e7b2401070e50abff8069510f5e5ccec0a2479f,0.3,0.25476190476190474,-0.045238095238095244,5460,955.4533750051633,llmlingua2,llmlingua-0.2.2,microsoft/llmlingua-2-bert-base-multilingual-cased-meetingbank@main,gpt2
2wikimqa,2wikimqa-78227cb74e7b2401070e50abff8069510f5e5ccec0a2479f,0.2,0.1661172161172161,-0.0338827838827839,5460,976.7841669963673,llmlingua2,llmlingua-0.2.2,microsoft/llmlingua-2-bert-base-multilingual-cased-meetingbank@main,gpt2
2wikimqa,2wikimqa-3816f7d8e90a5497a1c0e415bf25218037c690e8e4d0d016,0.8,0.7498638591395898,-0.050136140860410294,5509,953.3208339998964,llmlingua2,llmlingua-0.2.2,microsoft/llmlingua-2-bert-base-multilingual-cased-meetingbank@main,gpt2
2wikimqa,2wikimqa-3816f7d8e90a5497a1c0e415bf25218037c690e8e4d0d016,0.65,0.5921219822109276,-0.05787801778907242,5509,955.9099999896716,llmlingua2,llmlingua-0.2.2,microsoft/llmlingua-2-bert-base-multilingual-cased-meetingbank@main,gpt2
2wikimqa,2wikimqa-3816f7d8e90a5497a1c0e415bf25218037c690e8e4d0d016,0.5,0.4492648393537847,-0.050735160646215305,5509,981.8520409753546,llmlingua2,llmlingua-0.2.2,microsoft/llmlingua-2-bert-base-multilingual-cased-meetingbank@main,gpt2
2wikimqa,2wikimqa-3816f7d8e90a5497a1c0e415bf25218037c690e8e4d0d016,0.4,0.3552368850971138,-0.0447631149028862,5509,1014.5428749965504,llmlingua2,llmlingua-0.2.2,microsoft/llmlingua-2-bert-base-multilingual-cased-meetingbank@main,gpt2
2wikimqa,2wikimqa-3816f7d8e90a5497a1c0e415bf25218037c690e8e4d0d016,0.3,0.2668360864040661,-0.0331639135959339,5509,908.7412919907365,llmlingua2,llmlingua-0.2.2,microsoft/llmlingua-2-bert-base-multilingual-cased-meetingbank@main,gpt2
2wikimqa,2wikimqa-3816f7d8e90a5497a1c0e415bf25218037c690e8e4d0d016,0.2,0.17353421673624977,-0.026465783263750237,5509,990.7652080000844,llmlingua2,llmlingua-0.2.2,microsoft/llmlingua-2-bert-base-multilingual-cased-meetingbank@main,gpt2
2wikimqa,2wikimqa-5421c1e591296d64636a7e99fbfe98dddfed0f83d2053380,0.8,0.7429111531190926,-0.05708884688090743,4761,975.0655829848256,llmlingua2,llmlingua-0.2.2,microsoft/llmlingua-2-bert-base-multilingual-cased-meetingbank@main,gpt2
2wikimqa,2wikimqa-5421c1e591296d64636a7e99fbfe98dddfed0f83d2053380,0.65,0.5797101449275363,-0.07028985507246377,4761,1092.1077500097454,llmlingua2,llmlingua-0.2.2,microsoft/llmlingua-2-bert-base-multilingual-cased-meetingbank@main,gpt2
2wikimqa,2wikimqa-5421c1e591296d64636a7e99fbfe98dddfed0f83d2053380,0.5,0.4375131274942239,-0.062486872505776114,4761,947.3423339950386,llmlingua2,llmlingua-0.2.2,microsoft/llmlingua-2-bert-base-multilingual-cased-meetingbank@main,gpt2
2wikimqa,2wikimqa-5421c1e591296d64636a7e99fbfe98dddfed0f83d2053380,0.4,0.3444654484352027,-0.05553455156479731,4761,916.564416984329,llmlingua2,llmlingua-0.2.2,microsoft/llmlingua-2-bert-base-multilingual-cased-meetingbank@main,gpt2
2wikimqa,2wikimqa-5421c1e591296d64636a7e99fbfe98dddfed0f83d2053380,0.3,0.2566687670657425,-0.0433312329342575,4761,977.4274170049466,llmlingua2,llmlingua-0.2.2,microsoft/llmlingua-2-bert-base-multilingual-cased-meetingbank@main,gpt2
2wikimqa,2wikimqa-5421c1e591296d64636a7e99fbfe98dddfed0f83d2053380,0.2,0.16761184625078765,-0.03238815374921236,4761,1004.0301670087501,llmlingua2,llmlingua-0.2.2,microsoft/llmlingua-2-bert-base-multilingual-cased-meetingbank@main,gpt2
2wikimqa,2wikimqa-fcc4a49fbe72f1b8ffef144e2e9d85bfc8897ba2864fd521,0.8,0.7010347376201035,-0.09896526237989656,5412,1163.6164160154294,llmlingua2,llmlingua-0.2.2,microsoft/llmlingua-2-bert-base-multilingual-cased-meetingbank@main,gpt2
2wikimqa,2wikimqa-fcc4a49fbe72f1b8ffef144e2e9d85bfc8897ba2864fd521,0.65,0.5443458980044346,-0.10565410199556546,5412,1177.7018749853596,llmlingua2,llmlingua-0.2.2,microsoft/llmlingua-2-bert-base-multilingual-cased-meetingbank@main,gpt2
2wikimqa,2wikimqa-fcc4a49fbe72f1b8ffef144e2e9d85bfc8897ba2864fd521,0.5,0.41038433111603845,-0.08961566888396155,5412,1212.422582990257,llmlingua2,llmlingua-0.2.2,microsoft/llmlingua-2-bert-base-multilingual-cased-meetingbank@main,gpt2
2wikimqa,2wikimqa-fcc4a49fbe72f1b8ffef144e2e9d85bfc8897ba2864fd521,0.4,0.3259423503325942,-0.0740576496674058,5412,1217.6300830033142,llmlingua2,llmlingua-0.2.2,microsoft/llmlingua-2-bert-base-multilingual-cased-meetingbank@main,gpt2
2wikimqa,2wikimqa-fcc4a49fbe72f1b8ffef144e2e9d85bfc8897ba2864fd521,0.3,0.24205469327420548,-0.05794530672579451,5412,1128.3004169818014,llmlingua2,llmlingua-0.2.2,microsoft/llmlingua-2-bert-base-multilingual-cased-meetingbank@main,gpt2
2wikimqa,2wikimqa-fcc4a49fbe72f1b8ffef144e2e9d85bfc8897ba2864fd521,0.2,0.15964523281596452,-0.040354767184035495,5412,1129.8424580018036,llmlingua2,llmlingua-0.2.2,microsoft/llmlingua-2-bert-base-multilingual-cased-meetingbank@main,gpt2
2wikimqa,2wikimqa-8720ebfc91b6860392a2b7b0ba954b0cd16ffd8c360a1f2b,0.8,0.7213316892725031,-0.07866831072749692,1622,266.81133298552595,llmlingua2,llmlingua-0.2.2,microsoft/llmlingua-2-bert-base-multilingual-cased-meetingbank@main,gpt2
2wikimqa,2wikimqa-8720ebfc91b6860392a2b7b0ba954b0cd16ffd8c360a1f2b,0.65,0.5450061652281134,-0.10499383477188662,1622,292.01316699618474,llmlingua2,llmlingua-0.2.2,microsoft/llmlingua-2-bert-base-multilingual-cased-meetingbank@main,gpt2
2wikimqa,2wikimqa-8720ebfc91b6860392a2b7b0ba954b0cd16ffd8c360a1f2b,0.5,0.39519112207151663,-0.10480887792848337,1622,286.14454198395833,llmlingua2,llmlingua-0.2.2,microsoft/llmlingua-2-bert-base-multilingual-cased-meetingbank@main,gpt2
2wikimqa,2wikimqa-8720ebfc91b6860392a2b7b0ba954b0cd16ffd8c360a1f2b,0.4,0.31750924784217016,-0.08249075215782986,1622,317.78204199508764,llmlingua2,llmlingua-0.2.2,microsoft/llmlingua-2-bert-base-multilingual-cased-meetingbank@main,gpt2
2wikimqa,2wikimqa-8720ebfc91b6860392a2b7b0ba954b0cd16ffd8c360a1f2b,0.3,0.24290998766954378,-0.057090012330456213,1622,291.85137499007396,llmlingua2,llmlingua-0.2.2,microsoft/llmlingua-2-bert-base-multilingual-cased-meetingbank@main,gpt2
2wikimqa,2wikimqa-8720ebfc91b6860392a2b7b0ba954b0cd16ffd8c360a1f2b,0.2,0.16029593094944514,-0.039704069050554874,1622,280.25999999954365,llmlingua2,llmlingua-0.2.2,microsoft/llmlingua-2-bert-base-multilingual-cased-meetingbank@main,gpt2
2wikimqa,2wikimqa-d0ebddd00bfc9c5747021ae27c0ea5cdf21355bc86b83753,0.8,0.7485101311084624,-0.051489868891537616,5873,1077.0213330106344,llmlingua2,llmlingua-0.2.2,microsoft/llmlingua-2-bert-base-multilingual-cased-meetingbank@main,gpt2
2wikimqa,2wikimqa-d0ebddd00bfc9c5747021ae27c0ea5cdf21355bc86b83753,0.65,0.5848799591350247,-0.06512004086497536,5873,1051.1791250028182,llmlingua2,llmlingua-0.2.2,microsoft/llmlingua-2-bert-base-multilingual-cased-meetingbank@main,gpt2
2wikimqa,2wikimqa-d0ebddd00bfc9c5747021ae27c0ea5cdf21355bc86b83753,0.5,0.43827686020773027,-0.06172313979226973,5873,1053.804625000339,llmlingua2,llmlingua-0.2.2,microsoft/llmlingua-2-bert-base-multilingual-cased-meetingbank@main,gpt2
2wikimqa,2wikimqa-d0ebddd00bfc9c5747021ae27c0ea5cdf21355bc86b83753,0.4,0.3453090413757875,-0.05469095862421253,5873,1090.722458990058,llmlingua2,llmlingua-0.2.2,microsoft/llmlingua-2-bert-base-multilingual-cased-meetingbank@main,gpt2
2wikimqa,2wikimqa-d0ebddd00bfc9c5747021ae27c0ea5cdf21355bc86b83753,0.3,0.25744934445768775,-0.04255065554231224,5873,1150.2272080106195,llmlingua2,llmlingua-0.2.2,microsoft/llmlingua-2-bert-base-multilingual-cased-meetingbank@main,gpt2
2wikimqa,2wikimqa-d0ebddd00bfc9c5747021ae27c0ea5cdf21355bc86b83753,0.2,0.17061127192235653,-0.029388728077643478,5873,1038.081458013039,llmlingua2,llmlingua-0.2.2,microsoft/llmlingua-2-bert-base-multilingual-cased-meetingbank@main,gpt2
2wikimqa,2wikimqa-c997d53083dff6918a3f066cc76c824e43eb4ea21de33c51,0.8,0.7248840803709428,-0.07511591962905728,5176,1035.7553329959046,llmlingua2,llmlingua-0.2.2,microsoft/llmlingua-2-bert-base-multilingual-cased-meetingbank@main,gpt2
2wikimqa,2wikimqa-c997d53083dff6918a3f066cc76c824e43eb4ea21de33c51,0.65,0.5616306027820711,-0.08836939721792891,5176,1035.7997080136556,llmlingua2,llmlingua-0.2.2,microsoft/llmlingua-2-bert-base-multilingual-cased-meetingbank@main,gpt2
2wikimqa,2wikimqa-c997d53083dff6918a3f066cc76c824e43eb4ea21de33c51,0.5,0.4178902627511592,-0.0821097372488408,5176,1059.652833006112,llmlingua2,llmlingua-0.2.2,microsoft/llmlingua-2-bert-base-multilingual-cased-meetingbank@main,gpt2
2wikimqa,2wikimqa-c997d53083dff6918a3f066cc76c824e43eb4ea21de33c51,0.4,0.32901854714064915,-0.07098145285935087,5176,1078.5595000197645,llmlingua2,llmlingua-0.2.2,microsoft/llmlingua-2-bert-base-multilingual-cased-meetingbank@main,gpt2
2wikimqa,2wikimqa-c997d53083dff6918a3f066cc76c824e43eb4ea21de33c51,0.3,0.2428516228748068,-0.05714837712519319,5176,1068.3540000172798,llmlingua2,llmlingua-0.2.2,microsoft/llmlingua-2-bert-base-multilingual-cased-meetingbank@main,gpt2
2wikimqa,2wikimqa-c997d53083dff6918a3f066cc76c824e43eb4ea21de33c51,0.2,0.16112828438948995,-0.03887171561051006,5176,1200.6978749996051,llmlingua2,llmlingua-0.2.2,microsoft/llmlingua-2-bert-base-multilingual-cased-meetingbank@main,gpt2
2wikimqa,2wikimqa-0c43156b7d6bc17425a89dc6c6d48fc8c2c72ac9eba55a87,0.8,0.7703109327983951,-0.029689067201604913,997,286.08429100131616,llmlingua2,llmlingua-0.2.2,microsoft/llmlingua-2-bert-base-multilingual-cased-meetingbank@main,gpt2
2wikimqa,2wikimqa-0c43156b7d6bc17425a89dc6c6d48fc8c2c72ac9eba55a87,0.65,0.6288866599799399,-0.021113340020060156,997,166.58616700442508,llmlingua2,llmlingua-0.2.2,microsoft/llmlingua-2-bert-base-multilingual-cased-meetingbank@main,gpt2
2wikimqa,2wikimqa-0c43156b7d6bc17425a89dc6c6d48fc8c2c72ac9eba55a87,0.5,0.4884653961885657,-0.011534603811434285,997,152.8905839950312,llmlingua2,llmlingua-0.2.2,microsoft/llmlingua-2-bert-base-multilingual-cased-meetingbank@main,gpt2
2wikimqa,2wikimqa-0c43156b7d6bc17425a89dc6c6d48fc8c2c72ac9eba55a87,0.4,0.4012036108324975,0.0012036108324974815,997,184.71925001358613,llmlingua2,llmlingua-0.2.2,microsoft/llmlingua-2-bert-base-multilingual-cased-meetingbank@main,gpt2
2wikimqa,2wikimqa-0c43156b7d6bc17425a89dc6c6d48fc8c2c72ac9eba55a87,0.3,0.29889669007021064,-0.0011033099297893534,997,177.04108398174867,llmlingua2,llmlingua-0.2.2,microsoft/llmlingua-2-bert-base-multilingual-cased-meetingbank@main,gpt2
2wikimqa,2wikimqa-0c43156b7d6bc17425a89dc6c6d48fc8c2c72ac9eba55a87,0.2,0.19658976930792377,-0.0034102306920762437,997,167.42883299593814,llmlingua2,llmlingua-0.2.2,microsoft/llmlingua-2-bert-base-multilingual-cased-meetingbank@main,gpt2
2wikimqa,2wikimqa-35cbcb102aa5b4f9188011190e0f30456df5673fcddacf49,0.8,0.7480823576907549,-0.051917642309245116,4954,918.2840000139549,llmlingua2,llmlingua-0.2.2,microsoft/llmlingua-2-bert-base-multilingual-cased-meetingbank@main,gpt2
2wikimqa,2wikimqa-35cbcb102aa5b4f9188011190e0f30456df5673fcddacf49,0.65,0.5910375454178441,-0.05896245458215588,4954,992.2294589923695,llmlingua2,llmlingua-0.2.2,microsoft/llmlingua-2-bert-base-multilingual-cased-meetingbank@main,gpt2
2wikimqa,2wikimqa-35cbcb102aa5b4f9188011190e0f30456df5673fcddacf49,0.5,0.4517561566410981,-0.04824384335890192,4954,1003.8031669973861,llmlingua2,llmlingua-0.2.2,microsoft/llmlingua-2-bert-base-multilingual-cased-meetingbank@main,gpt2
2wikimqa,2wikimqa-35cbcb102aa5b4f9188011190e0f30456df5673fcddacf49,0.4,0.3597093257973355,-0.04029067420266452,4954,928.6453330132645,llmlingua2,llmlingua-0.2.2,microsoft/llmlingua-2-bert-base-multilingual-cased-meetingbank@main,gpt2
2wikimqa,2wikimqa-35cbcb102aa5b4f9188011190e0f30456df5673fcddacf49,0.3,0.2692773516350424,-0.030722648364957583,4954,925.6929999974091,llmlingua2,llmlingua-0.2.2,microsoft/llmlingua-2-bert-base-multilingual-cased-meetingbank@main,gpt2
2wikimqa,2wikimqa-35cbcb102aa5b4f9188011190e0f30456df5673fcddacf49,0.2,0.17884537747274928,-0.021154622527250727,4954,995.8974579931237,llmlingua2,llmlingua-0.2.2,microsoft/llmlingua-2-bert-base-multilingual-cased-meetingbank@main,gpt2
2wikimqa,2wikimqa-f7abcc33c22de53769935182a278a199e9f263a12e56673e,0.8,0.740868366643694,-0.059131633356306,4353,971.1432909825817,llmlingua2,llmlingua-0.2.2,microsoft/llmlingua-2-bert-base-multilingual-cased-meetingbank@main,gpt2
2wikimqa,2wikimqa-f7abcc33c22de53769935182a278a199e9f263a12e56673e,0.65,0.5773030094187916,-0.07269699058120838,4353,915.2909590047784,llmlingua2,llmlingua-0.2.2,microsoft/llmlingua-2-bert-base-multilingual-cased-meetingbank@main,gpt2
2wikimqa,2wikimqa-f7abcc33c22de53769935182a278a199e9f263a12e56673e,0.5,0.43257523546979093,-0.06742476453020907,4353,922.1555420081131,llmlingua2,llmlingua-0.2.2,microsoft/llmlingua-2-bert-base-multilingual-cased-meetingbank@main,gpt2
2wikimqa,2wikimqa-f7abcc33c22de53769935182a278a199e9f263a12e56673e,0.4,0.3416034918447048,-0.058396508155295235,4353,973.8869169959798,llmlingua2,llmlingua-0.2.2,microsoft/llmlingua-2-bert-base-multilingual-cased-meetingbank@main,gpt2
2wikimqa,2wikimqa-f7abcc33c22de53769935182a278a199e9f263a12e56673e,0.3,0.2531587410980933,-0.04684125890190671,4353,949.0242079773452,llmlingua2,llmlingua-0.2.2,microsoft/llmlingua-2-bert-base-multilingual-cased-meetingbank@main,gpt2
2wikimqa,2wikimqa-f7abcc33c22de53769935182a278a199e9f263a12e56673e,0.2,0.16907879623248334,-0.03092120376751667,4353,993.2400409888942,llmlingua2,llmlingua-0.2.2,microsoft/llmlingua-2-bert-base-multilingual-cased-meetingbank@main,gpt2
2wikimqa,2wikimqa-a7d0cfa55dce1e96490d1e6c0188398864724e96a44e4b79,0.8,0.7497176417438446,-0.05028235825615546,4427,892.2287079913076,llmlingua2,llmlingua-0.2.2,microsoft/llmlingua-2-bert-base-multilingual-cased-meetingbank@main,gpt2
2wikimqa,2wikimqa-a7d0cfa55dce1e96490d1e6c0188398864724e96a44e4b79,0.65,0.5931782245312853,-0.0568217754687147,4427,806.7035410203971,llmlingua2,llmlingua-0.2.2,microsoft/llmlingua-2-bert-base-multilingual-cased-meetingbank@main,gpt2
2wikimqa,2wikimqa-a7d0cfa55dce1e96490d1e6c0188398864724e96a44e4b79,0.5,0.44838491077479103,-0.051615089225208965,4427,828.9229999936651,llmlingua2,llmlingua-0.2.2,microsoft/llmlingua-2-bert-base-multilingual-cased-meetingbank@main,gpt2
2wikimqa,2wikimqa-a7d0cfa55dce1e96490d1e6c0188398864724e96a44e4b79,0.4,0.3557714027558166,-0.04422859724418343,4427,827.2321249824017,llmlingua2,llmlingua-0.2.2,microsoft/llmlingua-2-bert-base-multilingual-cased-meetingbank@main,gpt2
2wikimqa,2wikimqa-a7d0cfa55dce1e96490d1e6c0188398864724e96a44e4b79,0.3,0.26609442060085836,-0.03390557939914163,4427,803.8470409810543,llmlingua2,llmlingua-0.2.2,microsoft/llmlingua-2-bert-base-multilingual-cased-meetingbank@main,gpt2
2wikimqa,2wikimqa-a7d0cfa55dce1e96490d1e6c0188398864724e96a44e4b79,0.2,0.1734809125818839,-0.026519087418116122,4427,826.9390419882257,llmlingua2,llmlingua-0.2.2,microsoft/llmlingua-2-bert-base-multilingual-cased-meetingbank@main,gpt2
2wikimqa,2wikimqa-c1d354f1d1855b21eb3c3cd204d5030080ef9e3c7e4b0195,0.8,0.7328525909776958,-0.0671474090223042,5963,1208.5523749992717,llmlingua2,llmlingua-0.2.2,microsoft/llmlingua-2-bert-base-multilingual-cased-meetingbank@main,gpt2
2wikimqa,2wikimqa-c1d354f1d1855b21eb3c3cd204d5030080ef9e3c7e4b0195,0.65,0.5713566996478283,-0.07864330035217171,5963,1249.8511250014417,llmlingua2,llmlingua-0.2.2,microsoft/llmlingua-2-bert-base-multilingual-cased-meetingbank@main,gpt2
2wikimqa,2wikimqa-c1d354f1d1855b21eb3c3cd204d5030080ef9e3c7e4b0195,0.5,0.4330035217172564,-0.06699647828274358,5963,1202.88620897918,llmlingua2,llmlingua-0.2.2,microsoft/llmlingua-2-bert-base-multilingual-cased-meetingbank@main,gpt2
2wikimqa,2wikimqa-c1d354f1d1855b21eb3c3cd204d5030080ef9e3c7e4b0195,0.4,0.341774274693946,-0.05822572530605402,5963,1106.3043749891222,llmlingua2,llmlingua-0.2.2,microsoft/llmlingua-2-bert-base-multilingual-cased-meetingbank@main,gpt2
2wikimqa,2wikimqa-c1d354f1d1855b21eb3c3cd204d5030080ef9e3c7e4b0195,0.3,0.2538990441053161,-0.04610095589468388,5963,1241.1055410047993,llmlingua2,llmlingua-0.2.2,microsoft/llmlingua-2-bert-base-multilingual-cased-meetingbank@main,gpt2
2wikimqa,2wikimqa-c1d354f1d1855b21eb3c3cd204d5030080ef9e3c7e4b0195,0.2,0.16568841187321817,-0.03431158812678184,5963,1091.9644169916864,llmlingua2,llmlingua-0.2.2,microsoft/llmlingua-2-bert-base-multilingual-cased-meetingbank@main,gpt2
2wikimqa,2wikimqa-550f734c7ef908fcfe6b1b7e761826340f00abaa5eb305a0,0.8,0.7308070866141733,-0.06919291338582678,4064,681.1495839792769,llmlingua2,llmlingua-0.2.2,microsoft/llmlingua-2-bert-base-multilingual-cased-meetingbank@main,gpt2
2wikimqa,2wikimqa-550f734c7ef908fcfe6b1b7e761826340f00abaa5eb305a0,0.65,0.5684055118110236,-0.08159448818897641,4064,666.1454999994021,llmlingua2,llmlingua-0.2.2,microsoft/llmlingua-2-bert-base-multilingual-cased-meetingbank@main,gpt2
2wikimqa,2wikimqa-550f734c7ef908fcfe6b1b7e761826340f00abaa5eb305a0,0.5,0.4296259842519685,-0.07037401574803148,4064,697.9419590206817,llmlingua2,llmlingua-0.2.2,microsoft/llmlingua-2-bert-base-multilingual-cased-meetingbank@main,gpt2
2wikimqa,2wikimqa-550f734c7ef908fcfe6b1b7e761826340f00abaa5eb305a0,0.4,0.33390748031496065,-0.06609251968503937,4064,717.5311250030063,llmlingua2,llmlingua-0.2.2,microsoft/llmlingua-2-bert-base-multilingual-cased-meetingbank@main,gpt2
2wikimqa,2wikimqa-550f734c7ef908fcfe6b1b7e761826340f00abaa5eb305a0,0.3,0.2453248031496063,-0.05467519685039368,4064,758.5277500038501,llmlingua2,llmlingua-0.2.2,microsoft/llmlingua-2-bert-base-multilingual-cased-meetingbank@main,gpt2
2wikimqa,2wikimqa-550f734c7ef908fcfe6b1b7e761826340f00abaa5eb305a0,0.2,0.16141732283464566,-0.03858267716535435,4064,744.7041670093313,llmlingua2,llmlingua-0.2.2,microsoft/llmlingua-2-bert-base-multilingual-cased-meetingbank@main,gpt2
2wikimqa,2wikimqa-5a867841d94c9f88f3bc0c333e93484486b09341db474bd6,0.8,0.7494343891402715,-0.05056561085972855,5304,862.5166249985341,llmlingua2,llmlingua-0.2.2,microsoft/llmlingua-2-bert-base-multilingual-cased-meetingbank@main,gpt2
2wikimqa,2wikimqa-5a867841d94c9f88f3bc0c333e93484486b09341db474bd6,0.65,0.592948717948718,-0.05705128205128207,5304,814.8112500202842,llmlingua2,llmlingua-0.2.2,microsoft/llmlingua-2-bert-base-multilingual-cased-meetingbank@main,gpt2
2wikimqa,2wikimqa-5a867841d94c9f88f3bc0c333e93484486b09341db474bd6,0.5,0.4494720965309201,-0.05052790346907993,5304,889.0276250021998,llmlingua2,llmlingua-0.2.2,microsoft/llmlingua-2-bert-base-multilingual-cased-meetingbank@main,gpt2
2wikimqa,2wikimqa-5a867841d94c9f88f3bc0c333e93484486b09341db474bd6,0.4,0.35935143288084465,-0.04064856711915538,5304,883.6580830102321,llmlingua2,llmlingua-0.2.2,microsoft/llmlingua-2-bert-base-multilingual-cased-meetingbank@main,gpt2
2wikimqa,2wikimqa-5a867841d94c9f88f3bc0c333e93484486b09341db474bd6,0.3,0.26772247360482654,-0.03227752639517345,5304,881.4265830151271,llmlingua2,llmlingua-0.2.2,microsoft/llmlingua-2-bert-base-multilingual-cased-meetingbank@main,gpt2
2wikimqa,2wikimqa-5a867841d94c9f88f3bc0c333e93484486b09341db474bd6,0.2,0.17665912518853696,-0.023340874811463047,5304,859.0227499953471,llmlingua2,llmlingua-0.2.2,microsoft/llmlingua-2-bert-base-multilingual-cased-meetingbank@main,gpt2
2wikimqa,2wikimqa-2c605656720054b6c9e6e0f15f99c1b4675db67e6e098cee,0.8,0.701082431307244,-0.09891756869275603,1201,236.0762500029523,llmlingua2,llmlingua-0.2.2,microsoft/llmlingua-2-bert-base-multilingual-cased-meetingbank@main,gpt2
2wikimqa,2wikimqa-2c605656720054b6c9e6e0f15f99c1b4675db67e6e098cee,0.65,0.5453788509575354,-0.10462114904246467,1201,243.44304201076739,llmlingua2,llmlingua-0.2.2,microsoft/llmlingua-2-bert-base-multilingual-cased-meetingbank@main,gpt2
2wikimqa,2wikimqa-2c605656720054b6c9e6e0f15f99c1b4675db67e6e098cee,0.5,0.417985012489592,-0.08201498751040798,1201,251.32158398628235,llmlingua2,llmlingua-0.2.2,microsoft/llmlingua-2-bert-base-multilingual-cased-meetingbank@main,gpt2
2wikimqa,2wikimqa-2c605656720054b6c9e6e0f15f99c1b4675db67e6e098cee,0.4,0.32722731057452126,-0.07277268942547876,1201,256.20833298307844,llmlingua2,llmlingua-0.2.2,microsoft/llmlingua-2-bert-base-multilingual-cased-meetingbank@main,gpt2
2wikimqa,2wikimqa-2c605656720054b6c9e6e0f15f99c1b4675db67e6e098cee,0.3,0.23563696919233973,-0.06436303080766026,1201,256.3112910138443,llmlingua2,llmlingua-0.2.2,microsoft/llmlingua-2-bert-base-multilingual-cased-meetingbank@main,gpt2
2wikimqa,2wikimqa-2c605656720054b6c9e6e0f15f99c1b4675db67e6e098cee,0.2,0.14654454621149043,-0.05345545378850958,1201,264.4172080035787,llmlingua2,llmlingua-0.2.2,microsoft/llmlingua-2-bert-base-multilingual-cased-meetingbank@main,gpt2
2wikimqa,2wikimqa-62616c28af945825f87a95c47c1783dc284b06ec2d447402,0.8,0.7384515289525049,-0.06154847104749517,3074,524.4344169914257,llmlingua2,llmlingua-0.2.2,microsoft/llmlingua-2-bert-base-multilingual-cased-meetingbank@main,gpt2
2wikimqa,2wikimqa-62616c28af945825f87a95c47c1783dc284b06ec2d447402,0.65,0.5793754066363045,-0.07062459336369553,3074,523.231333005242,llmlingua2,llmlingua-0.2.2,microsoft/llmlingua-2-bert-base-multilingual-cased-meetingbank@main,gpt2
2wikimqa,2wikimqa-62616c28af945825f87a95c47c1783dc284b06ec2d447402,0.5,0.4365647364996747,-0.0634352635003253,3074,512.0168340217788,llmlingua2,llmlingua-0.2.2,microsoft/llmlingua-2-bert-base-multilingual-cased-meetingbank@main,gpt2
2wikimqa,2wikimqa-62616c28af945825f87a95c47c1783dc284b06ec2d447402,0.4,0.3464541314248536,-0.05354586857514643,3074,512.2605829965323,llmlingua2,llmlingua-0.2.2,microsoft/llmlingua-2-bert-base-multilingual-cased-meetingbank@main,gpt2
2wikimqa,2wikimqa-62616c28af945825f87a95c47c1783dc284b06ec2d447402,0.3,0.25374105400130126,-0.04625894599869873,3074,519.0342919959221,llmlingua2,llmlingua-0.2.2,microsoft/llmlingua-2-bert-base-multilingual-cased-meetingbank@main,gpt2
2wikimqa,2wikimqa-62616c28af945825f87a95c47c1783dc284b06ec2d447402,0.2,0.16883539362394276,-0.031164606376057252,3074,517.5311249913648,llmlingua2,llmlingua-0.2.2,microsoft/llmlingua-2-bert-base-multilingual-cased-meetingbank@main,gpt2
2wikimqa,2wikimqa-3cff7074281c58717aa65021d875cc1e6a6321f71cd77742,0.8,0.7463175122749591,-0.05368248772504092,4277,806.1480830074288,llmlingua2,llmlingua-0.2.2,microsoft/llmlingua-2-bert-base-multilingual-cased-meetingbank@main,gpt2
2wikimqa,2wikimqa-3cff7074281c58717aa65021d875cc1e6a6321f71cd77742,0.65,0.5887304185176525,-0.06126958148234751,4277,776.7576249898411,llmlingua2,llmlingua-0.2.2,microsoft/llmlingua-2-bert-base-multilingual-cased-meetingbank@main,gpt2
2wikimqa,2wikimqa-3cff7074281c58717aa65021d875cc1e6a6321f71cd77742,0.5,0.4482113631049801,-0.05178863689501989,4277,782.311374990968,llmlingua2,llmlingua-0.2.2,microsoft/llmlingua-2-bert-base-multilingual-cased-meetingbank@main,gpt2
2wikimqa,2wikimqa-3cff7074281c58717aa65021d875cc1e6a6321f71cd77742,0.4,0.35725976151508065,-0.04274023848491937,4277,768.9463330025319,llmlingua2,llmlingua-0.2.2,microsoft/llmlingua-2-bert-base-multilingual-cased-meetingbank@main,gpt2
2wikimqa,2wikimqa-3cff7074281c58717aa65021d875cc1e6a6321f71cd77742,0.3,0.2663081599251812,-0.03369184007481879,4277,735.3971659904346,llmlingua2,llmlingua-0.2.2,microsoft/llmlingua-2-bert-base-multilingual-cased-meetingbank@main,gpt2
2wikimqa,2wikimqa-3cff7074281c58717aa65021d875cc1e6a6321f71cd77742,0.2,0.1751227495908347,-0.024877250409165302,4277,744.8080420144834,llmlingua2,llmlingua-0.2.2,microsoft/llmlingua-2-bert-base-multilingual-cased-meetingbank@main,gpt2
2wikimqa,2wikimqa-c9e8d02824dfbdf95fe9f90c45dc13bc12f45b6969b1467b,0.8,0.7323613642280656,-0.06763863577193441,3841,674.6373329951894,llmlingua2,llmlingua-0.2.2,microsoft/llmlingua-2-bert-base-multilingual-cased-meetingbank@main,gpt2
2wikimqa,2wikimqa-c9e8d02824dfbdf95fe9f90c45dc13bc12f45b6969b1467b,0.65,0.5758916948711273,-0.07410830512887268,3841,686.0074590076692,llmlingua2,llmlingua-0.2.2,microsoft/llmlingua-2-bert-base-multilingual-cased-meetingbank@main,gpt2
2wikimqa,2wikimqa-c9e8d02824dfbdf95fe9f90c45dc13bc12f45b6969b1467b,0.5,0.4321791200208279,-0.06782087997917208,3841,713.8102499884553,llmlingua2,llmlingua-0.2.2,microsoft/llmlingua-2-bert-base-multilingual-cased-meetingbank@main,gpt2
2wikimqa,2wikimqa-c9e8d02824dfbdf95fe9f90c45dc13bc12f45b6969b1467b,0.4,0.3402759697995314,-0.059724030200468625,3841,732.9659170063678,llmlingua2,llmlingua-0.2.2,microsoft/llmlingua-2-bert-base-multilingual-cased-meetingbank@main,gpt2
2wikimqa,2wikimqa-c9e8d02824dfbdf95fe9f90c45dc13bc12f45b6969b1467b,0.3,0.25123665712054155,-0.04876334287945844,3841,717.1380000072531,llmlingua2,llmlingua-0.2.2,microsoft/llmlingua-2-bert-base-multilingual-cased-meetingbank@main,gpt2
2wikimqa,2wikimqa-c9e8d02824dfbdf95fe9f90c45dc13bc12f45b6969b1467b,0.2,0.16896641499609477,-0.03103358500390524,3841,704.337040981045,llmlingua2,llmlingua-0.2.2,microsoft/llmlingua-2-bert-base-multilingual-cased-meetingbank@main,gpt2
2wikimqa,2wikimqa-93ff7c9369b6ff2f37896b54f6e4d8ff91c125f78ae8bf9a,0.8,0.7400674662668666,-0.05993253373313345,5336,1048.8469999982044,llmlingua2,llmlingua-0.2.2,microsoft/llmlingua-2-bert-base-multilingual-cased-meetingbank@main,gpt2
2wikimqa,2wikimqa-93ff7c9369b6ff2f37896b54f6e4d8ff91c125f78ae8bf9a,0.65,0.5740254872563718,-0.07597451274362821,5336,1016.8731669837143,llmlingua2,llmlingua-0.2.2,microsoft/llmlingua-2-bert-base-multilingual-cased-meetingbank@main,gpt2
2wikimqa,2wikimqa-93ff7c9369b6ff2f37896b54f6e4d8ff91c125f78ae8bf9a,0.5,0.43197151424287855,-0.06802848575712145,5336,1036.114084010478,llmlingua2,llmlingua-0.2.2,microsoft/llmlingua-2-bert-base-multilingual-cased-meetingbank@main,gpt2
2wikimqa,2wikimqa-93ff7c9369b6ff2f37896b54f6e4d8ff91c125f78ae8bf9a,0.4,0.3422038980509745,-0.05779610194902551,5336,1165.474625013303,llmlingua2,llmlingua-0.2.2,microsoft/llmlingua-2-bert-base-multilingual-cased-meetingbank@main,gpt2
2wikimqa,2wikimqa-93ff7c9369b6ff2f37896b54f6e4d8ff91c125f78ae8bf9a,0.3,0.25599700149925037,-0.044002998500749624,5336,1060.236542019993,llmlingua2,llmlingua-0.2.2,microsoft/llmlingua-2-bert-base-multilingual-cased-meetingbank@main,gpt2
2wikimqa,2wikimqa-93ff7c9369b6ff2f37896b54f6e4d8ff91c125f78ae8bf9a,0.2,0.16847826086956522,-0.031521739130434795,5336,1040.906999987783,llmlingua2,llmlingua-0.2.2,microsoft/llmlingua-2-bert-base-multilingual-cased-meetingbank@main,gpt2
2wikimqa,2wikimqa-b8ffb375e75ee2976b8825d05d48c34638c7ffeb6d67baff,0.8,0.7435340572556762,-0.056465942744323816,5065,863.7774170201737,llmlingua2,llmlingua-0.2.2,microsoft/llmlingua-2-bert-base-multilingual-cased-meetingbank@main,gpt2
2wikimqa,2wikimqa-b8ffb375e75ee2976b8825d05d48c34638c7ffeb6d67baff,0.65,0.5885488647581442,-0.06145113524185586,5065,870.5753750109579,llmlingua2,llmlingua-0.2.2,microsoft/llmlingua-2-bert-base-multilingual-cased-meetingbank@main,gpt2
2wikimqa,2wikimqa-b8ffb375e75ee2976b8825d05d48c34638c7ffeb6d67baff,0.5,0.4460019743336624,-0.0539980256663376,5065,856.6885830077808,llmlingua2,llmlingua-0.2.2,microsoft/llmlingua-2-bert-base-multilingual-cased-meetingbank@main,gpt2
2wikimqa,2wikimqa-b8ffb375e75ee2976b8825d05d48c34638c7ffeb6d67baff,0.4,0.35557749259624877,-0.044422507403751255,5065,992.785417009145,llmlingua2,llmlingua-0.2.2,microsoft/llmlingua-2-bert-base-multilingual-cased-meetingbank@main,gpt2
2wikimqa,2wikimqa-b8ffb375e75ee2976b8825d05d48c34638c7ffeb6d67baff,0.3,0.2669299111549852,-0.03307008884501478,5065,829.7813330136705,llmlingua2,llmlingua-0.2.2,microsoft/llmlingua-2-bert-base-multilingual-cased-meetingbank@main,gpt2
2wikimqa,2wikimqa-b8ffb375e75ee2976b8825d05d48c34638c7ffeb6d67baff,0.2,0.17453109575518264,-0.025468904244817375,5065,858.2672920019832,llmlingua2,llmlingua-0.2.2,microsoft/llmlingua-2-bert-base-multilingual-cased-meetingbank@main,gpt2
2wikimqa,2wikimqa-8af3f07b73fabc0cc4ef4e6928818d1ff08ead9f41a5085a,0.8,0.7443029490616622,-0.05569705093833788,2984,535.6368329958059,llmlingua2,llmlingua-0.2.2,microsoft/llmlingua-2-bert-base-multilingual-cased-meetingbank@main,gpt2
2wikimqa,2wikimqa-8af3f07b73fabc0cc4ef4e6928818d1ff08ead9f41a5085a,0.65,0.5894772117962467,-0.06052278820375334,2984,535.3358749998733,llmlingua2,llmlingua-0.2.2,microsoft/llmlingua-2-bert-base-multilingual-cased-meetingbank@main,gpt2
2wikimqa,2wikimqa-8af3f07b73fabc0cc4ef4e6928818d1ff08ead9f41a5085a,0.5,0.450402144772118,-0.049597855227882015,2984,573.1218330038246,llmlingua2,llmlingua-0.2.2,microsoft/llmlingua-2-bert-base-multilingual-cased-meetingbank@main,gpt2
2wikimqa,2wikimqa-8af3f07b73fabc0cc4ef4e6928818d1ff08ead9f41a5085a,0.4,0.3615951742627346,-0.03840482573726545,2984,607.3477919853758,llmlingua2,llmlingua-0.2.2,microsoft/llmlingua-2-bert-base-multilingual-cased-meetingbank@main,gpt2
2wikimqa,2wikimqa-8af3f07b73fabc0cc4ef4e6928818d1ff08ead9f41a5085a,0.3,0.271112600536193,-0.028887399463806973,2984,582.1534999995492,llmlingua2,llmlingua-0.2.2,microsoft/llmlingua-2-bert-base-multilingual-cased-meetingbank@main,gpt2
2wikimqa,2wikimqa-8af3f07b73fabc0cc4ef4e6928818d1ff08ead9f41a5085a,0.2,0.1789544235924933,-0.021045576407506705,2984,568.4296659892425,llmlingua2,llmlingua-0.2.2,microsoft/llmlingua-2-bert-base-multilingual-cased-meetingbank@main,gpt2
2wikimqa,2wikimqa-2a0554b724822b6c611539e39b44381f752acdecce4868ad,0.8,0.7491424651269152,-0.050857534873084864,4373,870.0163329776842,llmlingua2,llmlingua-0.2.2,microsoft/llmlingua-2-bert-base-multilingual-cased-meetingbank@main,gpt2
2wikimqa,2wikimqa-2a0554b724822b6c611539e39b44381f752acdecce4868ad,0.65,0.5828950377315344,-0.06710496226846563,4373,821.9065000012051,llmlingua2,llmlingua-0.2.2,microsoft/llmlingua-2-bert-base-multilingual-cased-meetingbank@main,gpt2
2wikimqa,2wikimqa-2a0554b724822b6c611539e39b44381f752acdecce4868ad,0.5,0.43448433569631834,-0.06551566430368166,4373,778.519374987809,llmlingua2,llmlingua-0.2.2,microsoft/llmlingua-2-bert-base-multilingual-cased-meetingbank@main,gpt2
2wikimqa,2wikimqa-2a0554b724822b6c611539e39b44381f752acdecce4868ad,0.4,0.3446146809970272,-0.05538531900297283,4373,791.18387500057,llmlingua2,llmlingua-0.2.2,microsoft/llmlingua-2-bert-base-multilingual-cased-meetingbank@main,gpt2
2wikimqa,2wikimqa-2a0554b724822b6c611539e39b44381f752acdecce4868ad,0.3,0.2568031099931397,-0.04319689000686028,4373,762.4376660096459,llmlingua2,llmlingua-0.2.2,microsoft/llmlingua-2-bert-base-multilingual-cased-meetingbank@main,gpt2
2wikimqa,2wikimqa-2a0554b724822b6c611539e39b44381f752acdecce4868ad,0.2,0.16830551109078437,-0.03169448890921564,4373,775.8636249927804,llmlingua2,llmlingua-0.2.2,microsoft/llmlingua-2-bert-base-multilingual-cased-meetingbank@main,gpt2
2wikimqa,2wikimqa-b3845fcad97309850a76e3720cd829a45d2bb12ee29a9cfb,0.8,0.7343901024550551,-0.06560989754494495,5173,889.0107909974176,llmlingua2,llmlingua-0.2.2,microsoft/llmlingua-2-bert-base-multilingual-cased-meetingbank@main,gpt2
2wikimqa,2wikimqa-b3845fcad97309850a76e3720cd829a45d2bb12ee29a9cfb,0.65,0.5683355886332883,-0.08166441136671176,5173,905.7585840055253,llmlingua2,llmlingua-0.2.2,microsoft/llmlingua-2-bert-base-multilingual-cased-meetingbank@main,gpt2
2wikimqa,2wikimqa-b3845fcad97309850a76e3720cd829a45d2bb12ee29a9cfb,0.5,0.42547844577614535,-0.07452155422385465,5173,880.6097919878084,llmlingua2,llmlingua-0.2.2,microsoft/llmlingua-2-bert-base-multilingual-cased-meetingbank@main,gpt2
2wikimqa,2wikimqa-b3845fcad97309850a76e3720cd829a45d2bb12ee29a9cfb,0.4,0.33771505895998455,-0.062284941040015473,5173,865.5042500176933,llmlingua2,llmlingua-0.2.2,microsoft/llmlingua-2-bert-base-multilingual-cased-meetingbank@main,gpt2
2wikimqa,2wikimqa-b3845fcad97309850a76e3720cd829a45d2bb12ee29a9cfb,0.3,0.2540112120626329,-0.045988787937367104,5173,944.6866250073072,llmlingua2,llmlingua-0.2.2,microsoft/llmlingua-2-bert-base-multilingual-cased-meetingbank@main,gpt2
2wikimqa,2wikimqa-b3845fcad97309850a76e3720cd829a45d2bb12ee29a9cfb,0.2,0.16682775952058768,-0.033172240479412335,5173,877.0445419941097,llmlingua2,llmlingua-0.2.2,microsoft/llmlingua-2-bert-base-multilingual-cased-meetingbank@main,gpt2
2wikimqa,2wikimqa-a14e739445167b1be10d3a125f958a244c4b378261598a57,0.8,0.7336330935251798,-0.06636690647482024,5560,1045.2650419902056,llmlingua2,llmlingua-0.2.2,microsoft/llmlingua-2-bert-base-multilingual-cased-meetingbank@main,gpt2
2wikimqa,2wikimqa-a14e739445167b1be10d3a125f958a244c4b378261598a57,0.65,0.5712230215827339,-0.07877697841726616,5560,1063.228041981347,llmlingua2,llmlingua-0.2.2,microsoft/llmlingua-2-bert-base-multilingual-cased-meetingbank@main,gpt2
2wikimqa,2wikimqa-a14e739445167b1be10d3a125f958a244c4b378261598a57,0.5,0.42787769784172663,-0.07212230215827337,5560,1079.9148340011016,llmlingua2,llmlingua-0.2.2,microsoft/llmlingua-2-bert-base-multilingual-cased-meetingbank@main,gpt2
2wikimqa,2wikimqa-a14e739445167b1be10d3a125f958a244c4b378261598a57,0.4,0.3381294964028777,-0.06187050359712232,5560,1090.880667004967,llmlingua2,llmlingua-0.2.2,microsoft/llmlingua-2-bert-base-multilingual-cased-meetingbank@main,gpt2
2wikimqa,2wikimqa-a14e739445167b1be10d3a125f958a244c4b378261598a57,0.3,0.2539568345323741,-0.04604316546762588,5560,1029.4057499850169,llmlingua2,llmlingua-0.2.2,microsoft/llmlingua-2-bert-base-multilingual-cased-meetingbank@main,gpt2
2wikimqa,2wikimqa-a14e739445167b1be10d3a125f958a244c4b378261598a57,0.2,0.1672661870503597,-0.03273381294964031,5560,1028.9121660171077,llmlingua2,llmlingua-0.2.2,microsoft/llmlingua-2-bert-base-multilingual-cased-meetingbank@main,gpt2
2wikimqa,2wikimqa-cc32d31bbeb3e0d8787e963cf0843ae6b22f33817eb5a587,0.8,0.7349505840071878,-0.06504941599281222,1113,155.10745797655545,llmlingua2,llmlingua-0.2.2,microsoft/llmlingua-2-bert-base-multilingual-cased-meetingbank@main,gpt2
2wikimqa,2wikimqa-cc32d31bbeb3e0d8787e963cf0843ae6b22f33817eb5a587,0.65,0.5947888589398024,-0.055211141060197644,1113,168.51479100296274,llmlingua2,llmlingua-0.2.2,microsoft/llmlingua-2-bert-base-multilingual-cased-meetingbank@main,gpt2
2wikimqa,2wikimqa-cc32d31bbeb3e0d8787e963cf0843ae6b22f33817eb5a587,0.5,0.45103324348607365,-0.048966756513926346,1113,172.07766600768082,llmlingua2,llmlingua-0.2.2,microsoft/llmlingua-2-bert-base-multilingual-cased-meetingbank@main,gpt2
2wikimqa,2wikimqa-cc32d31bbeb3e0d8787e963cf0843ae6b22f33817eb5a587,0.4,0.35669362084456424,-0.04330637915543578,1113,176.99904201435857,llmlingua2,llmlingua-0.2.2,microsoft/llmlingua-2-bert-base-multilingual-cased-meetingbank@main,gpt2
2wikimqa,2wikimqa-cc32d31bbeb3e0d8787e963cf0843ae6b22f33817eb5a587,0.3,0.25965858041329737,-0.04034141958670262,1113,189.33066600584425,llmlingua2,llmlingua-0.2.2,microsoft/llmlingua-2-bert-base-multilingual-cased-meetingbank@main,gpt2
2wikimqa,2wikimqa-cc32d31bbeb3e0d8787e963cf0843ae6b22f33817eb5a587,0.2,0.1752021563342318,-0.024797843665768204,1113,177.84350001602434,llmlingua2,llmlingua-0.2.2,microsoft/llmlingua-2-bert-base-multilingual-cased-meetingbank@main,gpt2
gsm8k,gsm8k-1,0.8,0.7941176470588235,-0.005882352941176561,1190,222.98704198328778,llmlingua2,llmlingua-0.2.2,microsoft/llmlingua-2-bert-base-multilingual-cased-meetingbank@main,gpt2
gsm8k,gsm8k-1,0.65,0.6252100840336134,-0.024789915966386578,1190,245.8372499968391,llmlingua2,llmlingua-0.2.2,microsoft/llmlingua-2-bert-base-multilingual-cased-meetingbank@main,gpt2
gsm8k,gsm8k-1,0.5,0.4672268907563025,-0.032773109243697474,1190,253.6243330105208,llmlingua2,llmlingua-0.2.2,microsoft/llmlingua-2-bert-base-multilingual-cased-meetingbank@main,gpt2
gsm8k,gsm8k-1,0.4,0.3773109243697479,-0.02268907563025213,1190,253.65262498962693,llmlingua2,llmlingua-0.2.2,microsoft/llmlingua-2-bert-base-multilingual-cased-meetingbank@main,gpt2
gsm8k,gsm8k-1,0.3,0.27983193277310925,-0.02016806722689074,1190,250.1595839858055,llmlingua2,llmlingua-0.2.2,microsoft/llmlingua-2-bert-base-multilingual-cased-meetingbank@main,gpt2
gsm8k,gsm8k-1,0.2,0.18571428571428572,-0.01428571428571429,1190,279.9251670076046,llmlingua2,llmlingua-0.2.2,microsoft/llmlingua-2-bert-base-multilingual-cased-meetingbank@main,gpt2
gsm8k,gsm8k-1001,0.8,0.7941176470588235,-0.005882352941176561,1190,277.52429200336337,llmlingua2,llmlingua-0.2.2,microsoft/llmlingua-2-bert-base-multilingual-cased-meetingbank@main,gpt2
gsm8k,gsm8k-1001,0.65,0.6252100840336134,-0.024789915966386578,1190,260.8774580003228,llmlingua2,llmlingua-0.2.2,microsoft/llmlingua-2-bert-base-multilingual-cased-meetingbank@main,gpt2
gsm8k,gsm8k-1001,0.5,0.4672268907563025,-0.032773109243697474,1190,266.8276249896735,llmlingua2,llmlingua-0.2.2,microsoft/llmlingua-2-bert-base-multilingual-cased-meetingbank@main,gpt2
gsm8k,gsm8k-1001,0.4,0.3773109243697479,-0.02268907563025213,1190,262.1242080058437,llmlingua2,llmlingua-0.2.2,microsoft/llmlingua-2-bert-base-multilingual-cased-meetingbank@main,gpt2
gsm8k,gsm8k-1001,0.3,0.27983193277310925,-0.02016806722689074,1190,270.3689580084756,llmlingua2,llmlingua-0.2.2,microsoft/llmlingua-2-bert-base-multilingual-cased-meetingbank@main,gpt2
gsm8k,gsm8k-1001,0.2,0.18571428571428572,-0.01428571428571429,1190,266.76133400178514,llmlingua2,llmlingua-0.2.2,microsoft/llmlingua-2-bert-base-multilingual-cased-meetingbank@main,gpt2
gsm8k,gsm8k-1003,0.8,0.7941176470588235,-0.005882352941176561,1190,257.0372500049416,llmlingua2,llmlingua-0.2.2,microsoft/llmlingua-2-bert-base-multilingual-cased-meetingbank@main,gpt2
gsm8k,gsm8k-1003,0.65,0.6252100840336134,-0.024789915966386578,1190,269.87624997855164,llmlingua2,llmlingua-0.2.2,microsoft/llmlingua-2-bert-base-multilingual-cased-meetingbank@main,gpt2
gsm8k,gsm8k-1003,0.5,0.4672268907563025,-0.032773109243697474,1190,257.8935420024209,llmlingua2,llmlingua-0.2.2,microsoft/llmlingua-2-bert-base-multilingual-cased-meetingbank@main,gpt2
gsm8k,gsm8k-1003,0.4,0.3773109243697479,-0.02268907563025213,1190,252.88549999822862,llmlingua2,llmlingua-0.2.2,microsoft/llmlingua-2-bert-base-multilingual-cased-meetingbank@main,gpt2
gsm8k,gsm8k-1003,0.3,0.27983193277310925,-0.02016806722689074,1190,264.0641659963876,llmlingua2,llmlingua-0.2.2,microsoft/llmlingua-2-bert-base-multilingual-cased-meetingbank@main,gpt2
gsm8k,gsm8k-1003,0.2,0.18571428571428572,-0.01428571428571429,1190,263.79412499954924,llmlingua2,llmlingua-0.2.2,microsoft/llmlingua-2-bert-base-multilingual-cased-meetingbank@main,gpt2
gsm8k,gsm8k-1006,0.8,0.7941176470588235,-0.005882352941176561,1190,263.02533398848027,llmlingua2,llmlingua-0.2.2,microsoft/llmlingua-2-bert-base-multilingual-cased-meetingbank@main,gpt2
gsm8k,gsm8k-1006,0.65,0.6252100840336134,-0.024789915966386578,1190,261.5022090030834,llmlingua2,llmlingua-0.2.2,microsoft/llmlingua-2-bert-base-multilingual-cased-meetingbank@main,gpt2
gsm8k,gsm8k-1006,0.5,0.4672268907563025,-0.032773109243697474,1190,262.69383399630897,llmlingua2,llmlingua-0.2.2,microsoft/llmlingua-2-bert-base-multilingual-cased-meetingbank@main,gpt2
gsm8k,gsm8k-1006,0.4,0.3773109243697479,-0.02268907563025213,1190,254.68899999395944,llmlingua2,llmlingua-0.2.2,microsoft/llmlingua-2-bert-base-multilingual-cased-meetingbank@main,gpt2
gsm8k,gsm8k-1006,0.3,0.27983193277310925,-0.02016806722689074,1190,248.65129200043157,llmlingua2,llmlingua-0.2.2,microsoft/llmlingua-2-bert-base-multilingual-cased-meetingbank@main,gpt2
gsm8k,gsm8k-1006,0.2,0.18571428571428572,-0.01428571428571429,1190,254.47983399499208,llmlingua2,llmlingua-0.2.2,microsoft/llmlingua-2-bert-base-multilingual-cased-meetingbank@main,gpt2
gsm8k,gsm8k-1007,0.8,0.7941176470588235,-0.005882352941176561,1190,250.355165975634,llmlingua2,llmlingua-0.2.2,microsoft/llmlingua-2-bert-base-multilingual-cased-meetingbank@main,gpt2
gsm8k,gsm8k-1007,0.65,0.6252100840336134,-0.024789915966386578,1190,249.75041599827819,llmlingua2,llmlingua-0.2.2,microsoft/llmlingua-2-bert-base-multilingual-cased-meetingbank@main,gpt2
gsm8k,gsm8k-1007,0.5,0.4672268907563025,-0.032773109243697474,1190,248.68758401134983,llmlingua2,llmlingua-0.2.2,microsoft/llmlingua-2-bert-base-multilingual-cased-meetingbank@main,gpt2
gsm8k,gsm8k-1007,0.4,0.3773109243697479,-0.02268907563025213,1190,259.0216670068912,llmlingua2,llmlingua-0.2.2,microsoft/llmlingua-2-bert-base-multilingual-cased-meetingbank@main,gpt2
gsm8k,gsm8k-1007,0.3,0.27983193277310925,-0.02016806722689074,1190,255.66312501905486,llmlingua2,llmlingua-0.2.2,microsoft/llmlingua-2-bert-base-multilingual-cased-meetingbank@main,gpt2
gsm8k,gsm8k-1007,0.2,0.18571428571428572,-0.01428571428571429,1190,265.6804579892196,llmlingua2,llmlingua-0.2.2,microsoft/llmlingua-2-bert-base-multilingual-cased-meetingbank@main,gpt2
gsm8k,gsm8k-1008,0.8,0.7941176470588235,-0.005882352941176561,1190,267.4936250259634,llmlingua2,llmlingua-0.2.2,microsoft/llmlingua-2-bert-base-multilingual-cased-meetingbank@main,gpt2
gsm8k,gsm8k-1008,0.65,0.6252100840336134,-0.024789915966386578,1190,264.2097089847084,llmlingua2,llmlingua-0.2.2,microsoft/llmlingua-2-bert-base-multilingual-cased-meetingbank@main,gpt2
gsm8k,gsm8k-1008,0.5,0.4672268907563025,-0.032773109243697474,1190,261.107375001302,llmlingua2,llmlingua-0.2.2,microsoft/llmlingua-2-bert-base-multilingual-cased-meetingbank@main,gpt2
gsm8k,gsm8k-1008,0.4,0.3773109243697479,-0.02268907563025213,1190,276.6760410158895,llmlingua2,llmlingua-0.2.2,microsoft/llmlingua-2-bert-base-multilingual-cased-meetingbank@main,gpt2
gsm8k,gsm8k-1008,0.3,0.27983193277310925,-0.02016806722689074,1190,271.28037498914637,llmlingua2,llmlingua-0.2.2,microsoft/llmlingua-2-bert-base-multilingual-cased-meetingbank@main,gpt2
gsm8k,gsm8k-1008,0.2,0.18571428571428572,-0.01428571428571429,1190,254.15741701726802,llmlingua2,llmlingua-0.2.2,microsoft/llmlingua-2-bert-base-multilingual-cased-meetingbank@main,gpt2
gsm8k,gsm8k-1009,0.8,0.7941176470588235,-0.005882352941176561,1190,263.1348749855533,llmlingua2,llmlingua-0.2.2,microsoft/llmlingua-2-bert-base-multilingual-cased-meetingbank@main,gpt2
gsm8k,gsm8k-1009,0.65,0.6252100840336134,-0.024789915966386578,1190,259.8934580164496,llmlingua2,llmlingua-0.2.2,microsoft/llmlingua-2-bert-base-multilingual-cased-meetingbank@main,gpt2
gsm8k,gsm8k-1009,0.5,0.4672268907563025,-0.032773109243697474,1190,251.13699998473749,llmlingua2,llmlingua-0.2.2,microsoft/llmlingua-2-bert-base-multilingual-cased-meetingbank@main,gpt2
gsm8k,gsm8k-1009,0.4,0.3773109243697479,-0.02268907563025213,1190,254.39591601025313,llmlingua2,llmlingua-0.2.2,microsoft/llmlingua-2-bert-base-multilingual-cased-meetingbank@main,gpt2
gsm8k,gsm8k-1009,0.3,0.27983193277310925,-0.02016806722689074,1190,251.70100000104867,llmlingua2,llmlingua-0.2.2,microsoft/llmlingua-2-bert-base-multilingual-cased-meetingbank@main,gpt2
gsm8k,gsm8k-1009,0.2,0.18571428571428572,-0.01428571428571429,1190,246.2885830027517,llmlingua2,llmlingua-0.2.2,microsoft/llmlingua-2-bert-base-multilingual-cased-meetingbank@main,gpt2
gsm8k,gsm8k-101,0.8,0.7941176470588235,-0.005882352941176561,1190,246.77033300395124,llmlingua2,llmlingua-0.2.2,microsoft/llmlingua-2-bert-base-multilingual-cased-meetingbank@main,gpt2
gsm8k,gsm8k-101,0.65,0.6252100840336134,-0.024789915966386578,1190,274.83279100852087,llmlingua2,llmlingua-0.2.2,microsoft/llmlingua-2-bert-base-multilingual-cased-meetingbank@main,gpt2
gsm8k,gsm8k-101,0.5,0.4672268907563025,-0.032773109243697474,1190,288.12329200445674,llmlingua2,llmlingua-0.2.2,microsoft/llmlingua-2-bert-base-multilingual-cased-meetingbank@main,gpt2
gsm8k,gsm8k-101,0.4,0.3773109243697479,-0.02268907563025213,1190,272.30345900170505,llmlingua2,llmlingua-0.2.2,microsoft/llmlingua-2-bert-base-multilingual-cased-meetingbank@main,gpt2
gsm8k,gsm8k-101,0.3,0.27983193277310925,-0.02016806722689074,1190,290.63804098404944,llmlingua2,llmlingua-0.2.2,microsoft/llmlingua-2-bert-base-multilingual-cased-meetingbank@main,gpt2
gsm8k,gsm8k-101,0.2,0.18571428571428572,-0.01428571428571429,1190,280.30608300468884,llmlingua2,llmlingua-0.2.2,microsoft/llmlingua-2-bert-base-multilingual-cased-meetingbank@main,gpt2
gsm8k,gsm8k-1011,0.8,0.7941176470588235,-0.005882352941176561,1190,275.29470800072886,llmlingua2,llmlingua-0.2.2,microsoft/llmlingua-2-bert-base-multilingual-cased-meetingbank@main,gpt2
gsm8k,gsm8k-1011,0.65,0.6252100840336134,-0.024789915966386578,1190,263.81091700750403,llmlingua2,llmlingua-0.2.2,microsoft/llmlingua-2-bert-base-multilingual-cased-meetingbank@main,gpt2
gsm8k,gsm8k-1011,0.5,0.4672268907563025,-0.032773109243697474,1190,259.2559579934459,llmlingua2,llmlingua-0.2.2,microsoft/llmlingua-2-bert-base-multilingual-cased-meetingbank@main,gpt2
gsm8k,gsm8k-1011,0.4,0.3773109243697479,-0.02268907563025213,1190,255.99029200384393,llmlingua2,llmlingua-0.2.2,microsoft/llmlingua-2-bert-base-multilingual-cased-meetingbank@main,gpt2
gsm8k,gsm8k-1011,0.3,0.27983193277310925,-0.02016806722689074,1190,255.49199999659322,llmlingua2,llmlingua-0.2.2,microsoft/llmlingua-2-bert-base-multilingual-cased-meetingbank@main,gpt2
gsm8k,gsm8k-1011,0.2,0.18571428571428572,-0.01428571428571429,1190,258.2805840065703,llmlingua2,llmlingua-0.2.2,microsoft/llmlingua-2-bert-base-multilingual-cased-meetingbank@main,gpt2
gsm8k,gsm8k-1012,0.8,0.7941176470588235,-0.005882352941176561,1190,256.31224998505786,llmlingua2,llmlingua-0.2.2,microsoft/llmlingua-2-bert-base-multilingual-cased-meetingbank@main,gpt2
gsm8k,gsm8k-1012,0.65,0.6252100840336134,-0.024789915966386578,1190,259.0571249893401,llmlingua2,llmlingua-0.2.2,microsoft/llmlingua-2-bert-base-multilingual-cased-meetingbank@main,gpt2
gsm8k,gsm8k-1012,0.5,0.4672268907563025,-0.032773109243697474,1190,254.48708297335543,llmlingua2,llmlingua-0.2.2,microsoft/llmlingua-2-bert-base-multilingual-cased-meetingbank@main,gpt2
gsm8k,gsm8k-1012,0.4,0.3773109243697479,-0.02268907563025213,1190,252.78141599847004,llmlingua2,llmlingua-0.2.2,microsoft/llmlingua-2-bert-base-multilingual-cased-meetingbank@main,gpt2
gsm8k,gsm8k-1012,0.3,0.27983193277310925,-0.02016806722689074,1190,250.98383298609406,llmlingua2,llmlingua-0.2.2,microsoft/llmlingua-2-bert-base-multilingual-cased-meetingbank@main,gpt2
gsm8k,gsm8k-1012,0.2,0.18571428571428572,-0.01428571428571429,1190,260.7857499970123,llmlingua2,llmlingua-0.2.2,microsoft/llmlingua-2-bert-base-multilingual-cased-meetingbank@main,gpt2
gsm8k,gsm8k-1014,0.8,0.7941176470588235,-0.005882352941176561,1190,257.4537920008879,llmlingua2,llmlingua-0.2.2,microsoft/llmlingua-2-bert-base-multilingual-cased-meetingbank@main,gpt2
gsm8k,gsm8k-1014,0.65,0.6252100840336134,-0.024789915966386578,1190,262.5239590124693,llmlingua2,llmlingua-0.2.2,microsoft/llmlingua-2-bert-base-multilingual-cased-meetingbank@main,gpt2
gsm8k,gsm8k-1014,0.5,0.4672268907563025,-0.032773109243697474,1190,268.29062501201406,llmlingua2,llmlingua-0.2.2,microsoft/llmlingua-2-bert-base-multilingual-cased-meetingbank@main,gpt2
gsm8k,gsm8k-1014,0.4,0.3773109243697479,-0.02268907563025213,1190,259.97941702371463,llmlingua2,llmlingua-0.2.2,microsoft/llmlingua-2-bert-base-multilingual-cased-meetingbank@main,gpt2
gsm8k,gsm8k-1014,0.3,0.27983193277310925,-0.02016806722689074,1190,260.8298749837559,llmlingua2,llmlingua-0.2.2,microsoft/llmlingua-2-bert-base-multilingual-cased-meetingbank@main,gpt2
gsm8k,gsm8k-1014,0.2,0.18571428571428572,-0.01428571428571429,1190,263.42995901359245,llmlingua2,llmlingua-0.2.2,microsoft/llmlingua-2-bert-base-multilingual-cased-meetingbank@main,gpt2
gsm8k,gsm8k-1016,0.8,0.7941176470588235,-0.005882352941176561,1190,267.63454198953696,llmlingua2,llmlingua-0.2.2,microsoft/llmlingua-2-bert-base-multilingual-cased-meetingbank@main,gpt2
gsm8k,gsm8k-1016,0.65,0.6252100840336134,-0.024789915966386578,1190,263.2837920100428,llmlingua2,llmlingua-0.2.2,microsoft/llmlingua-2-bert-base-multilingual-cased-meetingbank@main,gpt2
gsm8k,gsm8k-1016,0.5,0.4672268907563025,-0.032773109243697474,1190,261.6657910111826,llmlingua2,llmlingua-0.2.2,microsoft/llmlingua-2-bert-base-multilingual-cased-meetingbank@main,gpt2
gsm8k,gsm8k-1016,0.4,0.3773109243697479,-0.02268907563025213,1190,252.67183300456963,llmlingua2,llmlingua-0.2.2,microsoft/llmlingua-2-bert-base-multilingual-cased-meetingbank@main,gpt2
gsm8k,gsm8k-1016,0.3,0.27983193277310925,-0.02016806722689074,1190,272.4877500149887,llmlingua2,llmlingua-0.2.2,microsoft/llmlingua-2-bert-base-multilingual-cased-meetingbank@main,gpt2
gsm8k,gsm8k-1016,0.2,0.18571428571428572,-0.01428571428571429,1190,267.1648749965243,llmlingua2,llmlingua-0.2.2,microsoft/llmlingua-2-bert-base-multilingual-cased-meetingbank@main,gpt2
gsm8k,gsm8k-1017,0.8,0.7941176470588235,-0.005882352941176561,1190,258.43441698816605,llmlingua2,llmlingua-0.2.2,microsoft/llmlingua-2-bert-base-multilingual-cased-meetingbank@main,gpt2
gsm8k,gsm8k-1017,0.65,0.6252100840336134,-0.024789915966386578,1190,253.04558299831115,llmlingua2,llmlingua-0.2.2,microsoft/llmlingua-2-bert-base-multilingual-cased-meetingbank@main,gpt2
gsm8k,gsm8k-1017,0.5,0.4672268907563025,-0.032773109243697474,1190,258.73191698337905,llmlingua2,llmlingua-0.2.2,microsoft/llmlingua-2-bert-base-multilingual-cased-meetingbank@main,gpt2
gsm8k,gsm8k-1017,0.4,0.3773109243697479,-0.02268907563025213,1190,261.9012919894885,llmlingua2,llmlingua-0.2.2,microsoft/llmlingua-2-bert-base-multilingual-cased-meetingbank@main,gpt2
gsm8k,gsm8k-1017,0.3,0.27983193277310925,-0.02016806722689074,1190,259.7065420122817,llmlingua2,llmlingua-0.2.2,microsoft/llmlingua-2-bert-base-multilingual-cased-meetingbank@main,gpt2
gsm8k,gsm8k-1017,0.2,0.18571428571428572,-0.01428571428571429,1190,257.9229580005631,llmlingua2,llmlingua-0.2.2,microsoft/llmlingua-2-bert-base-multilingual-cased-meetingbank@main,gpt2
gsm8k,gsm8k-1018,0.8,0.7941176470588235,-0.005882352941176561,1190,275.0173749809619,llmlingua2,llmlingua-0.2.2,microsoft/llmlingua-2-bert-base-multilingual-cased-meetingbank@main,gpt2
gsm8k,gsm8k-1018,0.65,0.6252100840336134,-0.024789915966386578,1190,260.643625020748,llmlingua2,llmlingua-0.2.2,microsoft/llmlingua-2-bert-base-multilingual-cased-meetingbank@main,gpt2
gsm8k,gsm8k-1018,0.5,0.4672268907563025,-0.032773109243697474,1190,266.9364160101395,llmlingua2,llmlingua-0.2.2,microsoft/llmlingua-2-bert-base-multilingual-cased-meetingbank@main,gpt2
gsm8k,gsm8k-1018,0.4,0.3773109243697479,-0.02268907563025213,1190,281.095499987714,llmlingua2,llmlingua-0.2.2,microsoft/llmlingua-2-bert-base-multilingual-cased-meetingbank@main,gpt2
gsm8k,gsm8k-1018,0.3,0.27983193277310925,-0.02016806722689074,1190,299.68100000405684,llmlingua2,llmlingua-0.2.2,microsoft/llmlingua-2-bert-base-multilingual-cased-meetingbank@main,gpt2
gsm8k,gsm8k-1018,0.2,0.18571428571428572,-0.01428571428571429,1190,273.9952080009971,llmlingua2,llmlingua-0.2.2,microsoft/llmlingua-2-bert-base-multilingual-cased-meetingbank@main,gpt2
gsm8k,gsm8k-1019,0.8,0.7941176470588235,-0.005882352941176561,1190,270.1568749907892,llmlingua2,llmlingua-0.2.2,microsoft/llmlingua-2-bert-base-multilingual-cased-meetingbank@main,gpt2
gsm8k,gsm8k-1019,0.65,0.6252100840336134,-0.024789915966386578,1190,261.5751670091413,llmlingua2,llmlingua-0.2.2,microsoft/llmlingua-2-bert-base-multilingual-cased-meetingbank@main,gpt2
gsm8k,gsm8k-1019,0.5,0.4672268907563025,-0.032773109243697474,1190,261.35079201776534,llmlingua2,llmlingua-0.2.2,microsoft/llmlingua-2-bert-base-multilingual-cased-meetingbank@main,gpt2
gsm8k,gsm8k-1019,0.4,0.3773109243697479,-0.02268907563025213,1190,260.56033399072476,llmlingua2,llmlingua-0.2.2,microsoft/llmlingua-2-bert-base-multilingual-cased-meetingbank@main,gpt2
gsm8k,gsm8k-1019,0.3,0.27983193277310925,-0.02016806722689074,1190,261.6304169932846,llmlingua2,llmlingua-0.2.2,microsoft/llmlingua-2-bert-base-multilingual-cased-meetingbank@main,gpt2
gsm8k,gsm8k-1019,0.2,0.18571428571428572,-0.01428571428571429,1190,253.51675000274554,llmlingua2,llmlingua-0.2.2,microsoft/llmlingua-2-bert-base-multilingual-cased-meetingbank@main,gpt2
gsm8k,gsm8k-1020,0.8,0.7941176470588235,-0.005882352941176561,1190,260.43158399988897,llmlingua2,llmlingua-0.2.2,microsoft/llmlingua-2-bert-base-multilingual-cased-meetingbank@main,gpt2
gsm8k,gsm8k-1020,0.65,0.6252100840336134,-0.024789915966386578,1190,259.89329197909683,llmlingua2,llmlingua-0.2.2,microsoft/llmlingua-2-bert-base-multilingual-cased-meetingbank@main,gpt2
gsm8k,gsm8k-1020,0.5,0.4672268907563025,-0.032773109243697474,1190,253.2965830178,llmlingua2,llmlingua-0.2.2,microsoft/llmlingua-2-bert-base-multilingual-cased-meetingbank@main,gpt2
gsm8k,gsm8k-1020,0.4,0.3773109243697479,-0.02268907563025213,1190,257.6437910029199,llmlingua2,llmlingua-0.2.2,microsoft/llmlingua-2-bert-base-multilingual-cased-meetingbank@main,gpt2
gsm8k,gsm8k-1020,0.3,0.27983193277310925,-0.02016806722689074,1190,261.0285419796128,llmlingua2,llmlingua-0.2.2,microsoft/llmlingua-2-bert-base-multilingual-cased-meetingbank@main,gpt2
gsm8k,gsm8k-1020,0.2,0.18571428571428572,-0.01428571428571429,1190,261.3266250118613,llmlingua2,llmlingua-0.2.2,microsoft/llmlingua-2-bert-base-multilingual-cased-meetingbank@main,gpt2
gsm8k,gsm8k-1025,0.8,0.7941176470588235,-0.005882352941176561,1190,250.44112501200289,llmlingua2,llmlingua-0.2.2,microsoft/llmlingua-2-bert-base-multilingual-cased-meetingbank@main,gpt2
gsm8k,gsm8k-1025,0.65,0.6252100840336134,-0.024789915966386578,1190,265.7772499951534,llmlingua2,llmlingua-0.2.2,microsoft/llmlingua-2-bert-base-multilingual-cased-meetingbank@main,gpt2
gsm8k,gsm8k-1025,0.5,0.4672268907563025,-0.032773109243697474,1190,257.28137500118464,llmlingua2,llmlingua-0.2.2,microsoft/llmlingua-2-bert-base-multilingual-cased-meetingbank@main,gpt2
gsm8k,gsm8k-1025,0.4,0.3773109243697479,-0.02268907563025213,1190,255.4026659927331,llmlingua2,llmlingua-0.2.2,microsoft/llmlingua-2-bert-base-multilingual-cased-meetingbank@main,gpt2
gsm8k,gsm8k-1025,0.3,0.27983193277310925,-0.02016806722689074,1190,264.61029099300504,llmlingua2,llmlingua-0.2.2,microsoft/llmlingua-2-bert-base-multilingual-cased-meetingbank@main,gpt2
gsm8k,gsm8k-1025,0.2,0.18571428571428572,-0.01428571428571429,1190,268.5021249926649,llmlingua2,llmlingua-0.2.2,microsoft/llmlingua-2-bert-base-multilingual-cased-meetingbank@main,gpt2
gsm8k,gsm8k-1026,0.8,0.7941176470588235,-0.005882352941176561,1190,266.8276249896735,llmlingua2,llmlingua-0.2.2,microsoft/llmlingua-2-bert-base-multilingual-cased-meetingbank@main,gpt2
gsm8k,gsm8k-1026,0.65,0.6252100840336134,-0.024789915966386578,1190,263.4132500097621,llmlingua2,llmlingua-0.2.2,microsoft/llmlingua-2-bert-base-multilingual-cased-meetingbank@main,gpt2
gsm8k,gsm8k-1026,0.5,0.4672268907563025,-0.032773109243697474,1190,263.44004200655036,llmlingua2,llmlingua-0.2.2,microsoft/llmlingua-2-bert-base-multilingual-cased-meetingbank@main,gpt2
gsm8k,gsm8k-1026,0.4,0.3773109243697479,-0.02268907563025213,1190,267.7814580092672,llmlingua2,llmlingua-0.2.2,microsoft/llmlingua-2-bert-base-multilingual-cased-meetingbank@main,gpt2
gsm8k,gsm8k-1026,0.3,0.27983193277310925,-0.02016806722689074,1190,264.4865000038408,llmlingua2,llmlingua-0.2.2,microsoft/llmlingua-2-bert-base-multilingual-cased-meetingbank@main,gpt2
gsm8k,gsm8k-1026,0.2,0.18571428571428572,-0.01428571428571429,1190,256.4367500017397,llmlingua2,llmlingua-0.2.2,microsoft/llmlingua-2-bert-base-multilingual-cased-meetingbank@main,gpt2
gsm8k,gsm8k-1029,0.8,0.7941176470588235,-0.005882352941176561,1190,260.8157919894438,llmlingua2,llmlingua-0.2.2,microsoft/llmlingua-2-bert-base-multilingual-cased-meetingbank@main,gpt2
gsm8k,gsm8k-1029,0.65,0.6252100840336134,-0.024789915966386578,1190,258.522374992026,llmlingua2,llmlingua-0.2.2,microsoft/llmlingua-2-bert-base-multilingual-cased-meetingbank@main,gpt2
gsm8k,gsm8k-1029,0.5,0.4672268907563025,-0.032773109243697474,1190,248.65887500345707,llmlingua2,llmlingua-0.2.2,microsoft/llmlingua-2-bert-base-multilingual-cased-meetingbank@main,gpt2
gsm8k,gsm8k-1029,0.4,0.3773109243697479,-0.02268907563025213,1190,255.21108298562467,llmlingua2,llmlingua-0.2.2,microsoft/llmlingua-2-bert-base-multilingual-cased-meetingbank@main,gpt2
gsm8k,gsm8k-1029,0.3,0.27983193277310925,-0.02016806722689074,1190,257.26849999045953,llmlingua2,llmlingua-0.2.2,microsoft/llmlingua-2-bert-base-multilingual-cased-meetingbank@main,gpt2
gsm8k,gsm8k-1029,0.2,0.18571428571428572,-0.01428571428571429,1190,255.79179200576618,llmlingua2,llmlingua-0.2.2,microsoft/llmlingua-2-bert-base-multilingual-cased-meetingbank@main,gpt2
gsm8k,gsm8k-1030,0.8,0.7941176470588235,-0.005882352941176561,1190,267.07504197838716,llmlingua2,llmlingua-0.2.2,microsoft/llmlingua-2-bert-base-multilingual-cased-meetingbank@main,gpt2
gsm8k,gsm8k-1030,0.65,0.6252100840336134,-0.024789915966386578,1190,264.68779100105166,llmlingua2,llmlingua-0.2.2,microsoft/llmlingua-2-bert-base-multilingual-cased-meetingbank@main,gpt2
gsm8k,gsm8k-1030,0.5,0.4672268907563025,-0.032773109243697474,1190,270.94499999657273,llmlingua2,llmlingua-0.2.2,microsoft/llmlingua-2-bert-base-multilingual-cased-meetingbank@main,gpt2
gsm8k,gsm8k-1030,0.4,0.3773109243697479,-0.02268907563025213,1190,267.91679198504426,llmlingua2,llmlingua-0.2.2,microsoft/llmlingua-2-bert-base-multilingual-cased-meetingbank@main,gpt2
gsm8k,gsm8k-1030,0.3,0.27983193277310925,-0.02016806722689074,1190,265.7289170019794,llmlingua2,llmlingua-0.2.2,microsoft/llmlingua-2-bert-base-multilingual-cased-meetingbank@main,gpt2
gsm8k,gsm8k-1030,0.2,0.18571428571428572,-0.01428571428571429,1190,277.7311660174746,llmlingua2,llmlingua-0.2.2,microsoft/llmlingua-2-bert-base-multilingual-cased-meetingbank@main,gpt2
gsm8k,gsm8k-1032,0.8,0.7941176470588235,-0.005882352941176561,1190,302.0335829933174,llmlingua2,llmlingua-0.2.2,microsoft/llmlingua-2-bert-base-multilingual-cased-meetingbank@main,gpt2
gsm8k,gsm8k-1032,0.65,0.6252100840336134,-0.024789915966386578,1190,285.9703330032062,llmlingua2,llmlingua-0.2.2,microsoft/llmlingua-2-bert-base-multilingual-cased-meetingbank@main,gpt2
gsm8k,gsm8k-1032,0.5,0.4672268907563025,-0.032773109243697474,1190,270.61545802280307,llmlingua2,llmlingua-0.2.2,microsoft/llmlingua-2-bert-base-multilingual-cased-meetingbank@main,gpt2
gsm8k,gsm8k-1032,0.4,0.3773109243697479,-0.02268907563025213,1190,257.60037498548627,llmlingua2,llmlingua-0.2.2,microsoft/llmlingua-2-bert-base-multilingual-cased-meetingbank@main,gpt2
gsm8k,gsm8k-1032,0.3,0.27983193277310925,-0.02016806722689074,1190,272.5076659990009,llmlingua2,llmlingua-0.2.2,microsoft/llmlingua-2-bert-base-multilingual-cased-meetingbank@main,gpt2
gsm8k,gsm8k-1032,0.2,0.18571428571428572,-0.01428571428571429,1190,265.2578330016695,llmlingua2,llmlingua-0.2.2,microsoft/llmlingua-2-bert-base-multilingual-cased-meetingbank@main,gpt2
gsm8k,gsm8k-1038,0.8,0.7941176470588235,-0.005882352941176561,1190,265.16699997591786,llmlingua2,llmlingua-0.2.2,microsoft/llmlingua-2-bert-base-multilingual-cased-meetingbank@main,gpt2
gsm8k,gsm8k-1038,0.65,0.6252100840336134,-0.024789915966386578,1190,275.3203750180546,llmlingua2,llmlingua-0.2.2,microsoft/llmlingua-2-bert-base-multilingual-cased-meetingbank@main,gpt2
gsm8k,gsm8k-1038,0.5,0.4672268907563025,-0.032773109243697474,1190,254.08658297965303,llmlingua2,llmlingua-0.2.2,microsoft/llmlingua-2-bert-base-multilingual-cased-meetingbank@main,gpt2
gsm8k,gsm8k-1038,0.4,0.3773109243697479,-0.02268907563025213,1190,247.0564589893911,llmlingua2,llmlingua-0.2.2,microsoft/llmlingua-2-bert-base-multilingual-cased-meetingbank@main,gpt2
gsm8k,gsm8k-1038,0.3,0.27983193277310925,-0.02016806722689074,1190,241.84054098441266,llmlingua2,llmlingua-0.2.2,microsoft/llmlingua-2-bert-base-multilingual-cased-meetingbank@main,gpt2
gsm8k,gsm8k-1038,0.2,0.18571428571428572,-0.01428571428571429,1190,248.16170800477266,llmlingua2,llmlingua-0.2.2,microsoft/llmlingua-2-bert-base-multilingual-cased-meetingbank@main,gpt2
gsm8k,gsm8k-104,0.8,0.7941176470588235,-0.005882352941176561,1190,244.2444170010276,llmlingua2,llmlingua-0.2.2,microsoft/llmlingua-2-bert-base-multilingual-cased-meetingbank@main,gpt2
gsm8k,gsm8k-104,0.65,0.6252100840336134,-0.024789915966386578,1190,250.74641598621383,llmlingua2,llmlingua-0.2.2,microsoft/llmlingua-2-bert-base-multilingual-cased-meetingbank@main,gpt2
gsm8k,gsm8k-104,0.5,0.4672268907563025,-0.032773109243697474,1190,249.9314580054488,llmlingua2,llmlingua-0.2.2,microsoft/llmlingua-2-bert-base-multilingual-cased-meetingbank@main,gpt2
gsm8k,gsm8k-104,0.4,0.3773109243697479,-0.02268907563025213,1190,253.76125000184402,llmlingua2,llmlingua-0.2.2,microsoft/llmlingua-2-bert-base-multilingual-cased-meetingbank@main,gpt2
gsm8k,gsm8k-104,0.3,0.27983193277310925,-0.02016806722689074,1190,258.92670900793746,llmlingua2,llmlingua-0.2.2,microsoft/llmlingua-2-bert-base-multilingual-cased-meetingbank@main,gpt2
gsm8k,gsm8k-104,0.2,0.18571428571428572,-0.01428571428571429,1190,254.93829199695028,llmlingua2,llmlingua-0.2.2,microsoft/llmlingua-2-bert-base-multilingual-cased-meetingbank@main,gpt2
gsm8k,gsm8k-1040,0.8,0.7941176470588235,-0.005882352941176561,1190,273.91883300151676,llmlingua2,llmlingua-0.2.2,microsoft/llmlingua-2-bert-base-multilingual-cased-meetingbank@main,gpt2
gsm8k,gsm8k-1040,0.65,0.6252100840336134,-0.024789915966386578,1190,276.2772909773048,llmlingua2,llmlingua-0.2.2,microsoft/llmlingua-2-bert-base-multilingual-cased-meetingbank@main,gpt2
gsm8k,gsm8k-1040,0.5,0.4672268907563025,-0.032773109243697474,1190,272.56883299560286,llmlingua2,llmlingua-0.2.2,microsoft/llmlingua-2-bert-base-multilingual-cased-meetingbank@main,gpt2
gsm8k,gsm8k-1040,0.4,0.3773109243697479,-0.02268907563025213,1190,272.1578750060871,llmlingua2,llmlingua-0.2.2,microsoft/llmlingua-2-bert-base-multilingual-cased-meetingbank@main,gpt2
gsm8k,gsm8k-1040,0.3,0.27983193277310925,-0.02016806722689074,1190,269.5109579944983,llmlingua2,llmlingua-0.2.2,microsoft/llmlingua-2-bert-base-multilingual-cased-meetingbank@main,gpt2
gsm8k,gsm8k-1040,0.2,0.18571428571428572,-0.01428571428571429,1190,272.2207079932559,llmlingua2,llmlingua-0.2.2,microsoft/llmlingua-2-bert-base-multilingual-cased-meetingbank@main,gpt2
gsm8k,gsm8k-1042,0.8,0.7941176470588235,-0.005882352941176561,1190,259.37695798347704,llmlingua2,llmlingua-0.2.2,microsoft/llmlingua-2-bert-base-multilingual-cased-meetingbank@main,gpt2
gsm8k,gsm8k-1042,0.65,0.6252100840336134,-0.024789915966386578,1190,259.1132500092499,llmlingua2,llmlingua-0.2.2,microsoft/llmlingua-2-bert-base-multilingual-cased-meetingbank@main,gpt2
gsm8k,gsm8k-1042,0.5,0.4672268907563025,-0.032773109243697474,1190,259.65350001933984,llmlingua2,llmlingua-0.2.2,microsoft/llmlingua-2-bert-base-multilingual-cased-meetingbank@main,gpt2
gsm8k,gsm8k-1042,0.4,0.3773109243697479,-0.02268907563025213,1190,245.8282089792192,llmlingua2,llmlingua-0.2.2,microsoft/llmlingua-2-bert-base-multilingual-cased-meetingbank@main,gpt2
gsm8k,gsm8k-1042,0.3,0.27983193277310925,-0.02016806722689074,1190,246.55520901433192,llmlingua2,llmlingua-0.2.2,microsoft/llmlingua-2-bert-base-multilingual-cased-meetingbank@main,gpt2
gsm8k,gsm8k-1042,0.2,0.18571428571428572,-0.01428571428571429,1190,246.56774997129105,llmlingua2,llmlingua-0.2.2,microsoft/llmlingua-2-bert-base-multilingual-cased-meetingbank@main,gpt2
gsm8k,gsm8k-1043,0.8,0.7941176470588235,-0.005882352941176561,1190,252.48683299287222,llmlingua2,llmlingua-0.2.2,microsoft/llmlingua-2-bert-base-multilingual-cased-meetingbank@main,gpt2
gsm8k,gsm8k-1043,0.65,0.6252100840336134,-0.024789915966386578,1190,265.3653330053203,llmlingua2,llmlingua-0.2.2,microsoft/llmlingua-2-bert-base-multilingual-cased-meetingbank@main,gpt2
gsm8k,gsm8k-1043,0.5,0.4672268907563025,-0.032773109243697474,1190,267.435249988921,llmlingua2,llmlingua-0.2.2,microsoft/llmlingua-2-bert-base-multilingual-cased-meetingbank@main,gpt2
gsm8k,gsm8k-1043,0.4,0.3773109243697479,-0.02268907563025213,1190,264.34900000458583,llmlingua2,llmlingua-0.2.2,microsoft/llmlingua-2-bert-base-multilingual-cased-meetingbank@main,gpt2
gsm8k,gsm8k-1043,0.3,0.27983193277310925,-0.02016806722689074,1190,264.7819590056315,llmlingua2,llmlingua-0.2.2,microsoft/llmlingua-2-bert-base-multilingual-cased-meetingbank@main,gpt2
gsm8k,gsm8k-1043,0.2,0.18571428571428572,-0.01428571428571429,1190,273.1459159986116,llmlingua2,llmlingua-0.2.2,microsoft/llmlingua-2-bert-base-multilingual-cased-meetingbank@main,gpt2
gsm8k,gsm8k-1044,0.8,0.7941176470588235,-0.005882352941176561,1190,266.90608300850727,llmlingua2,llmlingua-0.2.2,microsoft/llmlingua-2-bert-base-multilingual-cased-meetingbank@main,gpt2
gsm8k,gsm8k-1044,0.65,0.6252100840336134,-0.024789915966386578,1190,276.45741699961945,llmlingua2,llmlingua-0.2.2,microsoft/llmlingua-2-bert-base-multilingual-cased-meetingbank@main,gpt2
gsm8k,gsm8k-1044,0.5,0.4672268907563025,-0.032773109243697474,1190,277.22195800743066,llmlingua2,llmlingua-0.2.2,microsoft/llmlingua-2-bert-base-multilingual-cased-meetingbank@main,gpt2
gsm8k,gsm8k-1044,0.4,0.3773109243697479,-0.02268907563025213,1190,281.55637500458397,llmlingua2,llmlingua-0.2.2,microsoft/llmlingua-2-bert-base-multilingual-cased-meetingbank@main,gpt2
gsm8k,gsm8k-1044,0.3,0.27983193277310925,-0.02016806722689074,1190,268.81220799987204,llmlingua2,llmlingua-0.2.2,microsoft/llmlingua-2-bert-base-multilingual-cased-meetingbank@main,gpt2
gsm8k,gsm8k-1044,0.2,0.18571428571428572,-0.01428571428571429,1190,277.8049169864971,llmlingua2,llmlingua-0.2.2,microsoft/llmlingua-2-bert-base-multilingual-cased-meetingbank@main,gpt2
gsm8k,gsm8k-1045,0.8,0.7941176470588235,-0.005882352941176561,1190,295.913833018858,llmlingua2,llmlingua-0.2.2,microsoft/llmlingua-2-bert-base-multilingual-cased-meetingbank@main,gpt2
gsm8k,gsm8k-1045,0.65,0.6252100840336134,-0.024789915966386578,1190,270.502208994003,llmlingua2,llmlingua-0.2.2,microsoft/llmlingua-2-bert-base-multilingual-cased-meetingbank@main,gpt2
gsm8k,gsm8k-1045,0.5,0.4672268907563025,-0.032773109243697474,1190,259.745416988153,llmlingua2,llmlingua-0.2.2,microsoft/llmlingua-2-bert-base-multilingual-cased-meetingbank@main,gpt2
gsm8k,gsm8k-1045,0.4,0.3773109243697479,-0.02268907563025213,1190,265.8511250047013,llmlingua2,llmlingua-0.2.2,microsoft/llmlingua-2-bert-base-multilingual-cased-meetingbank@main,gpt2
gsm8k,gsm8k-1045,0.3,0.27983193277310925,-0.02016806722689074,1190,272.50374999130145,llmlingua2,llmlingua-0.2.2,microsoft/llmlingua-2-bert-base-multilingual-cased-meetingbank@main,gpt2
gsm8k,gsm8k-1045,0.2,0.18571428571428572,-0.01428571428571429,1190,266.21120900381356,llmlingua2,llmlingua-0.2.2,microsoft/llmlingua-2-bert-base-multilingual-cased-meetingbank@main,gpt2
gsm8k,gsm8k-1047,0.8,0.7941176470588235,-0.005882352941176561,1190,259.9711669899989,llmlingua2,llmlingua-0.2.2,microsoft/llmlingua-2-bert-base-multilingual-cased-meetingbank@main,gpt2
gsm8k,gsm8k-1047,0.65,0.6252100840336134,-0.024789915966386578,1190,267.86704099504277,llmlingua2,llmlingua-0.2.2,microsoft/llmlingua-2-bert-base-multilingual-cased-meetingbank@main,gpt2
gsm8k,gsm8k-1047,0.5,0.4672268907563025,-0.032773109243697474,1190,258.589083008701,llmlingua2,llmlingua-0.2.2,microsoft/llmlingua-2-bert-base-multilingual-cased-meetingbank@main,gpt2
gsm8k,gsm8k-1047,0.4,0.3773109243697479,-0.02268907563025213,1190,255.21049997769296,llmlingua2,llmlingua-0.2.2,microsoft/llmlingua-2-bert-base-multilingual-cased-meetingbank@main,gpt2
gsm8k,gsm8k-1047,0.3,0.27983193277310925,-0.02016806722689074,1190,272.84745799261145,llmlingua2,llmlingua-0.2.2,microsoft/llmlingua-2-bert-base-multilingual-cased-meetingbank@main,gpt2
gsm8k,gsm8k-1047,0.2,0.18571428571428572,-0.01428571428571429,1190,273.4713339887094,llmlingua2,llmlingua-0.2.2,microsoft/llmlingua-2-bert-base-multilingual-cased-meetingbank@main,gpt2
gsm8k,gsm8k-1048,0.8,0.7941176470588235,-0.005882352941176561,1190,278.83250001468696,llmlingua2,llmlingua-0.2.2,microsoft/llmlingua-2-bert-base-multilingual-cased-meetingbank@main,gpt2
gsm8k,gsm8k-1048,0.65,0.6252100840336134,-0.024789915966386578,1190,283.72291699633934,llmlingua2,llmlingua-0.2.2,microsoft/llmlingua-2-bert-base-multilingual-cased-meetingbank@main,gpt2
gsm8k,gsm8k-1048,0.5,0.4672268907563025,-0.032773109243697474,1190,271.2706669990439,llmlingua2,llmlingua-0.2.2,microsoft/llmlingua-2-bert-base-multilingual-cased-meetingbank@main,gpt2
gsm8k,gsm8k-1048,0.4,0.3773109243697479,-0.02268907563025213,1190,273.2116249972023,llmlingua2,llmlingua-0.2.2,microsoft/llmlingua-2-bert-base-multilingual-cased-meetingbank@main,gpt2
gsm8k,gsm8k-1048,0.3,0.27983193277310925,-0.02016806722689074,1190,265.33841699711047,llmlingua2,llmlingua-0.2.2,microsoft/llmlingua-2-bert-base-multilingual-cased-meetingbank@main,gpt2
gsm8k,gsm8k-1048,0.2,0.18571428571428572,-0.01428571428571429,1190,282.45283401338384,llmlingua2,llmlingua-0.2.2,microsoft/llmlingua-2-bert-base-multilingual-cased-meetingbank@main,gpt2
gsm8k,gsm8k-1049,0.8,0.7941176470588235,-0.005882352941176561,1190,270.91145800659433,llmlingua2,llmlingua-0.2.2,microsoft/llmlingua-2-bert-base-multilingual-cased-meetingbank@main,gpt2
gsm8k,gsm8k-1049,0.65,0.6252100840336134,-0.024789915966386578,1190,268.3608329971321,llmlingua2,llmlingua-0.2.2,microsoft/llmlingua-2-bert-base-multilingual-cased-meetingbank@main,gpt2
gsm8k,gsm8k-1049,0.5,0.4672268907563025,-0.032773109243697474,1190,261.8805409874767,llmlingua2,llmlingua-0.2.2,microsoft/llmlingua-2-bert-base-multilingual-cased-meetingbank@main,gpt2
gsm8k,gsm8k-1049,0.4,0.3773109243697479,-0.02268907563025213,1190,257.35187498503365,llmlingua2,llmlingua-0.2.2,microsoft/llmlingua-2-bert-base-multilingual-cased-meetingbank@main,gpt2
gsm8k,gsm8k-1049,0.3,0.27983193277310925,-0.02016806722689074,1190,257.5375000014901,llmlingua2,llmlingua-0.2.2,microsoft/llmlingua-2-bert-base-multilingual-cased-meetingbank@main,gpt2
gsm8k,gsm8k-1049,0.2,0.18571428571428572,-0.01428571428571429,1190,256.26762499450706,llmlingua2,llmlingua-0.2.2,microsoft/llmlingua-2-bert-base-multilingual-cased-meetingbank@main,gpt2
gsm8k,gsm8k-105,0.8,0.7941176470588235,-0.005882352941176561,1190,258.5504580056295,llmlingua2,llmlingua-0.2.2,microsoft/llmlingua-2-bert-base-multilingual-cased-meetingbank@main,gpt2
gsm8k,gsm8k-105,0.65,0.6252100840336134,-0.024789915966386578,1190,245.73091699858196,llmlingua2,llmlingua-0.2.2,microsoft/llmlingua-2-bert-base-multilingual-cased-meetingbank@main,gpt2
gsm8k,gsm8k-105,0.5,0.4672268907563025,-0.032773109243697474,1190,243.27533398172818,llmlingua2,llmlingua-0.2.2,microsoft/llmlingua-2-bert-base-multilingual-cased-meetingbank@main,gpt2
gsm8k,gsm8k-105,0.4,0.3773109243697479,-0.02268907563025213,1190,246.36566700064577,llmlingua2,llmlingua-0.2.2,microsoft/llmlingua-2-bert-base-multilingual-cased-meetingbank@main,gpt2
gsm8k,gsm8k-105,0.3,0.27983193277310925,-0.02016806722689074,1190,246.42520802444778,llmlingua2,llmlingua-0.2.2,microsoft/llmlingua-2-bert-base-multilingual-cased-meetingbank@main,gpt2
gsm8k,gsm8k-105,0.2,0.18571428571428572,-0.01428571428571429,1190,248.86474999948405,llmlingua2,llmlingua-0.2.2,microsoft/llmlingua-2-bert-base-multilingual-cased-meetingbank@main,gpt2
gsm8k,gsm8k-1050,0.8,0.7941176470588235,-0.005882352941176561,1190,248.1092080124654,llmlingua2,llmlingua-0.2.2,microsoft/llmlingua-2-bert-base-multilingual-cased-meetingbank@main,gpt2
gsm8k,gsm8k-1050,0.65,0.6252100840336134,-0.024789915966386578,1190,251.49670799146406,llmlingua2,llmlingua-0.2.2,microsoft/llmlingua-2-bert-base-multilingual-cased-meetingbank@main,gpt2
gsm8k,gsm8k-1050,0.5,0.4672268907563025,-0.032773109243697474,1190,263.48512500408106,llmlingua2,llmlingua-0.2.2,microsoft/llmlingua-2-bert-base-multilingual-cased-meetingbank@main,gpt2
gsm8k,gsm8k-1050,0.4,0.3773109243697479,-0.02268907563025213,1190,288.31058301148005,llmlingua2,llmlingua-0.2.2,microsoft/llmlingua-2-bert-base-multilingual-cased-meetingbank@main,gpt2
gsm8k,gsm8k-1050,0.3,0.27983193277310925,-0.02016806722689074,1190,294.76900000008754,llmlingua2,llmlingua-0.2.2,microsoft/llmlingua-2-bert-base-multilingual-cased-meetingbank@main,gpt2
gsm8k,gsm8k-1050,0.2,0.18571428571428572,-0.01428571428571429,1190,302.6748749834951,llmlingua2,llmlingua-0.2.2,microsoft/llmlingua-2-bert-base-multilingual-cased-meetingbank@main,gpt2
gsm8k,gsm8k-1051,0.8,0.7941176470588235,-0.005882352941176561,1190,287.7587080001831,llmlingua2,llmlingua-0.2.2,microsoft/llmlingua-2-bert-base-multilingual-cased-meetingbank@main,gpt2
gsm8k,gsm8k-1051,0.65,0.6252100840336134,-0.024789915966386578,1190,291.99054097989574,llmlingua2,llmlingua-0.2.2,microsoft/llmlingua-2-bert-base-multilingual-cased-meetingbank@main,gpt2
gsm8k,gsm8k-1051,0.5,0.4672268907563025,-0.032773109243697474,1190,271.88662500702776,llmlingua2,llmlingua-0.2.2,microsoft/llmlingua-2-bert-base-multilingual-cased-meetingbank@main,gpt2
gsm8k,gsm8k-1051,0.4,0.3773109243697479,-0.02268907563025213,1190,263.5719579993747,llmlingua2,llmlingua-0.2.2,microsoft/llmlingua-2-bert-base-multilingual-cased-meetingbank@main,gpt2
gsm8k,gsm8k-1051,0.3,0.27983193277310925,-0.02016806722689074,1190,247.15508401277475,llmlingua2,llmlingua-0.2.2,microsoft/llmlingua-2-bert-base-multilingual-cased-meetingbank@main,gpt2
gsm8k,gsm8k-1051,0.2,0.18571428571428572,-0.01428571428571429,1190,242.12725000688806,llmlingua2,llmlingua-0.2.2,microsoft/llmlingua-2-bert-base-multilingual-cased-meetingbank@main,gpt2
gsm8k,gsm8k-1052,0.8,0.7941176470588235,-0.005882352941176561,1190,236.0496249748394,llmlingua2,llmlingua-0.2.2,microsoft/llmlingua-2-bert-base-multilingual-cased-meetingbank@main,gpt2
gsm8k,gsm8k-1052,0.65,0.6252100840336134,-0.024789915966386578,1190,242.8224159812089,llmlingua2,llmlingua-0.2.2,microsoft/llmlingua-2-bert-base-multilingual-cased-meetingbank@main,gpt2
gsm8k,gsm8k-1052,0.5,0.4672268907563025,-0.032773109243697474,1190,235.41295900940895,llmlingua2,llmlingua-0.2.2,microsoft/llmlingua-2-bert-base-multilingual-cased-meetingbank@main,gpt2
gsm8k,gsm8k-1052,0.4,0.3773109243697479,-0.02268907563025213,1190,245.46683300286531,llmlingua2,llmlingua-0.2.2,microsoft/llmlingua-2-bert-base-multilingual-cased-meetingbank@main,gpt2
gsm8k,gsm8k-1052,0.3,0.27983193277310925,-0.02016806722689074,1190,245.56433298857883,llmlingua2,llmlingua-0.2.2,microsoft/llmlingua-2-bert-base-multilingual-cased-meetingbank@main,gpt2
gsm8k,gsm8k-1052,0.2,0.18571428571428572,-0.01428571428571429,1190,245.0822499813512,llmlingua2,llmlingua-0.2.2,microsoft/llmlingua-2-bert-base-multilingual-cased-meetingbank@main,gpt2
gsm8k,gsm8k-1054,0.8,0.7941176470588235,-0.005882352941176561,1190,256.50037502055056,llmlingua2,llmlingua-0.2.2,microsoft/llmlingua-2-bert-base-multilingual-cased-meetingbank@main,gpt2
gsm8k,gsm8k-1054,0.65,0.6252100840336134,-0.024789915966386578,1190,264.4507920194883,llmlingua2,llmlingua-0.2.2,microsoft/llmlingua-2-bert-base-multilingual-cased-meetingbank@main,gpt2
gsm8k,gsm8k-1054,0.5,0.4672268907563025,-0.032773109243697474,1190,275.11795799364336,llmlingua2,llmlingua-0.2.2,microsoft/llmlingua-2-bert-base-multilingual-cased-meetingbank@main,gpt2
gsm8k,gsm8k-1054,0.4,0.3773109243697479,-0.02268907563025213,1190,283.3741659997031,llmlingua2,llmlingua-0.2.2,microsoft/llmlingua-2-bert-base-multilingual-cased-meetingbank@main,gpt2
gsm8k,gsm8k-1054,0.3,0.27983193277310925,-0.02016806722689074,1190,282.7277499891352,llmlingua2,llmlingua-0.2.2,microsoft/llmlingua-2-bert-base-multilingual-cased-meetingbank@main,gpt2
gsm8k,gsm8k-1054,0.2,0.18571428571428572,-0.01428571428571429,1190,277.47379199718125,llmlingua2,llmlingua-0.2.2,microsoft/llmlingua-2-bert-base-multilingual-cased-meetingbank@main,gpt2
gsm8k,gsm8k-1057,0.8,0.7941176470588235,-0.005882352941176561,1190,280.55270900949836,llmlingua2,llmlingua-0.2.2,microsoft/llmlingua-2-bert-base-multilingual-cased-meetingbank@main,gpt2
gsm8k,gsm8k-1057,0.65,0.6252100840336134,-0.024789915966386578,1190,278.40491698589176,llmlingua2,llmlingua-0.2.2,microsoft/llmlingua-2-bert-base-multilingual-cased-meetingbank@main,gpt2
gsm8k,gsm8k-1057,0.5,0.4672268907563025,-0.032773109243697474,1190,257.38520800950937,llmlingua2,llmlingua-0.2.2,microsoft/llmlingua-2-bert-base-multilingual-cased-meetingbank@main,gpt2
gsm8k,gsm8k-1057,0.4,0.3773109243697479,-0.02268907563025213,1190,255.70099998731166,llmlingua2,llmlingua-0.2.2,microsoft/llmlingua-2-bert-base-multilingual-cased-meetingbank@main,gpt2
gsm8k,gsm8k-1057,0.3,0.27983193277310925,-0.02016806722689074,1190,258.4758329903707,llmlingua2,llmlingua-0.2.2,microsoft/llmlingua-2-bert-base-multilingual-cased-meetingbank@main,gpt2
gsm8k,gsm8k-1057,0.2,0.18571428571428572,-0.01428571428571429,1190,262.4415419995785,llmlingua2,llmlingua-0.2.2,microsoft/llmlingua-2-bert-base-multilingual-cased-meetingbank@main,gpt2
gsm8k,gsm8k-1059,0.8,0.7941176470588235,-0.005882352941176561,1190,257.65795799088664,llmlingua2,llmlingua-0.2.2,microsoft/llmlingua-2-bert-base-multilingual-cased-meetingbank@main,gpt2
gsm8k,gsm8k-1059,0.65,0.6252100840336134,-0.024789915966386578,1190,262.12629201472737,llmlingua2,llmlingua-0.2.2,microsoft/llmlingua-2-bert-base-multilingual-cased-meetingbank@main,gpt2
gsm8k,gsm8k-1059,0.5,0.4672268907563025,-0.032773109243697474,1190,250.70866700843908,llmlingua2,llmlingua-0.2.2,microsoft/llmlingua-2-bert-base-multilingual-cased-meetingbank@main,gpt2
gsm8k,gsm8k-1059,0.4,0.3773109243697479,-0.02268907563025213,1190,261.9887919863686,llmlingua2,llmlingua-0.2.2,microsoft/llmlingua-2-bert-base-multilingual-cased-meetingbank@main,gpt2
gsm8k,gsm8k-1059,0.3,0.27983193277310925,-0.02016806722689074,1190,269.28249999764375,llmlingua2,llmlingua-0.2.2,microsoft/llmlingua-2-bert-base-multilingual-cased-meetingbank@main,gpt2
gsm8k,gsm8k-1059,0.2,0.18571428571428572,-0.01428571428571429,1190,252.90662501356564,llmlingua2,llmlingua-0.2.2,microsoft/llmlingua-2-bert-base-multilingual-cased-meetingbank@main,gpt2
gsm8k,gsm8k-106,0.8,0.7941176470588235,-0.005882352941176561,1190,249.5692090014927,llmlingua2,llmlingua-0.2.2,microsoft/llmlingua-2-bert-base-multilingual-cased-meetingbank@main,gpt2
gsm8k,gsm8k-106,0.65,0.6252100840336134,-0.024789915966386578,1190,260.45066700316966,llmlingua2,llmlingua-0.2.2,microsoft/llmlingua-2-bert-base-multilingual-cased-meetingbank@main,gpt2
gsm8k,gsm8k-106,0.5,0.4672268907563025,-0.032773109243697474,1190,256.7870420170948,llmlingua2,llmlingua-0.2.2,microsoft/llmlingua-2-bert-base-multilingual-cased-meetingbank@main,gpt2
gsm8k,gsm8k-106,0.4,0.3773109243697479,-0.02268907563025213,1190,261.8424170068465,llmlingua2,llmlingua-0.2.2,microsoft/llmlingua-2-bert-base-multilingual-cased-meetingbank@main,gpt2
gsm8k,gsm8k-106,0.3,0.27983193277310925,-0.02016806722689074,1190,264.7027920174878,llmlingua2,llmlingua-0.2.2,microsoft/llmlingua-2-bert-base-multilingual-cased-meetingbank@main,gpt2
gsm8k,gsm8k-106,0.2,0.18571428571428572,-0.01428571428571429,1190,262.49166697380133,llmlingua2,llmlingua-0.2.2,microsoft/llmlingua-2-bert-base-multilingual-cased-meetingbank@main,gpt2
gsm8k,gsm8k-1060,0.8,0.7941176470588235,-0.005882352941176561,1190,268.4188749990426,llmlingua2,llmlingua-0.2.2,microsoft/llmlingua-2-bert-base-multilingual-cased-meetingbank@main,gpt2
gsm8k,gsm8k-1060,0.65,0.6252100840336134,-0.024789915966386578,1190,293.63137498148717,llmlingua2,llmlingua-0.2.2,microsoft/llmlingua-2-bert-base-multilingual-cased-meetingbank@main,gpt2
gsm8k,gsm8k-1060,0.5,0.4672268907563025,-0.032773109243697474,1190,290.4047920019366,llmlingua2,llmlingua-0.2.2,microsoft/llmlingua-2-bert-base-multilingual-cased-meetingbank@main,gpt2
gsm8k,gsm8k-1060,0.4,0.3773109243697479,-0.02268907563025213,1190,277.2922499862034,llmlingua2,llmlingua-0.2.2,microsoft/llmlingua-2-bert-base-multilingual-cased-meetingbank@main,gpt2
gsm8k,gsm8k-1060,0.3,0.27983193277310925,-0.02016806722689074,1190,268.5858750191983,llmlingua2,llmlingua-0.2.2,microsoft/llmlingua-2-bert-base-multilingual-cased-meetingbank@main,gpt2
gsm8k,gsm8k-1060,0.2,0.18571428571428572,-0.01428571428571429,1190,267.43574999272823,llmlingua2,llmlingua-0.2.2,microsoft/llmlingua-2-bert-base-multilingual-cased-meetingbank@main,gpt2
gsm8k,gsm8k-1061,0.8,0.7941176470588235,-0.005882352941176561,1190,256.2017499876674,llmlingua2,llmlingua-0.2.2,microsoft/llmlingua-2-bert-base-multilingual-cased-meetingbank@main,gpt2
gsm8k,gsm8k-1061,0.65,0.6252100840336134,-0.024789915966386578,1190,258.79987500957213,llmlingua2,llmlingua-0.2.2,microsoft/llmlingua-2-bert-base-multilingual-cased-meetingbank@main,gpt2
gsm8k,gsm8k-1061,0.5,0.4672268907563025,-0.032773109243697474,1190,258.54833400808275,llmlingua2,llmlingua-0.2.2,microsoft/llmlingua-2-bert-base-multilingual-cased-meetingbank@main,gpt2
gsm8k,gsm8k-1061,0.4,0.3773109243697479,-0.02268907563025213,1190,256.9817079929635,llmlingua2,llmlingua-0.2.2,microsoft/llmlingua-2-bert-base-multilingual-cased-meetingbank@main,gpt2
gsm8k,gsm8k-1061,0.3,0.27983193277310925,-0.02016806722689074,1190,266.2180830084253,llmlingua2,llmlingua-0.2.2,microsoft/llmlingua-2-bert-base-multilingual-cased-meetingbank@main,gpt2
gsm8k,gsm8k-1061,0.2,0.18571428571428572,-0.01428571428571429,1190,264.76170800742693,llmlingua2,llmlingua-0.2.2,microsoft/llmlingua-2-bert-base-multilingual-cased-meetingbank@main,gpt2
gsm8k,gsm8k-1063,0.8,0.7941176470588235,-0.005882352941176561,1190,257.9299170174636,llmlingua2,llmlingua-0.2.2,microsoft/llmlingua-2-bert-base-multilingual-cased-meetingbank@main,gpt2
gsm8k,gsm8k-1063,0.65,0.6252100840336134,-0.024789915966386578,1190,257.36933399457484,llmlingua2,llmlingua-0.2.2,microsoft/llmlingua-2-bert-base-multilingual-cased-meetingbank@main,gpt2
gsm8k,gsm8k-1063,0.5,0.4672268907563025,-0.032773109243697474,1190,264.1662080131937,llmlingua2,llmlingua-0.2.2,microsoft/llmlingua-2-bert-base-multilingual-cased-meetingbank@main,gpt2
gsm8k,gsm8k-1063,0.4,0.3773109243697479,-0.02268907563025213,1190,277.09037499153055,llmlingua2,llmlingua-0.2.2,microsoft/llmlingua-2-bert-base-multilingual-cased-meetingbank@main,gpt2
gsm8k,gsm8k-1063,0.3,0.27983193277310925,-0.02016806722689074,1190,266.8511670199223,llmlingua2,llmlingua-0.2.2,microsoft/llmlingua-2-bert-base-multilingual-cased-meetingbank@main,gpt2
gsm8k,gsm8k-1063,0.2,0.18571428571428572,-0.01428571428571429,1190,272.0287500123959,llmlingua2,llmlingua-0.2.2,microsoft/llmlingua-2-bert-base-multilingual-cased-meetingbank@main,gpt2
gsm8k,gsm8k-1065,0.8,0.7941176470588235,-0.005882352941176561,1190,267.29424999211915,llmlingua2,llmlingua-0.2.2,microsoft/llmlingua-2-bert-base-multilingual-cased-meetingbank@main,gpt2
gsm8k,gsm8k-1065,0.65,0.6252100840336134,-0.024789915966386578,1190,264.7677500208374,llmlingua2,llmlingua-0.2.2,microsoft/llmlingua-2-bert-base-multilingual-cased-meetingbank@main,gpt2
gsm8k,gsm8k-1065,0.5,0.4672268907563025,-0.032773109243697474,1190,265.66695800283924,llmlingua2,llmlingua-0.2.2,microsoft/llmlingua-2-bert-base-multilingual-cased-meetingbank@main,gpt2
gsm8k,gsm8k-1065,0.4,0.3773109243697479,-0.02268907563025213,1190,264.36229099635966,llmlingua2,llmlingua-0.2.2,microsoft/llmlingua-2-bert-base-multilingual-cased-meetingbank@main,gpt2
gsm8k,gsm8k-1065,0.3,0.27983193277310925,-0.02016806722689074,1190,264.75095900241286,llmlingua2,llmlingua-0.2.2,microsoft/llmlingua-2-bert-base-multilingual-cased-meetingbank@main,gpt2
gsm8k,gsm8k-1065,0.2,0.18571428571428572,-0.01428571428571429,1190,258.3987079851795,llmlingua2,llmlingua-0.2.2,microsoft/llmlingua-2-bert-base-multilingual-cased-meetingbank@main,gpt2
gsm8k,gsm8k-1066,0.8,0.7941176470588235,-0.005882352941176561,1190,254.31508300243877,llmlingua2,llmlingua-0.2.2,microsoft/llmlingua-2-bert-base-multilingual-cased-meetingbank@main,gpt2
gsm8k,gsm8k-1066,0.65,0.6252100840336134,-0.024789915966386578,1190,262.0384999900125,llmlingua2,llmlingua-0.2.2,microsoft/llmlingua-2-bert-base-multilingual-cased-meetingbank@main,gpt2
gsm8k,gsm8k-1066,0.5,0.4672268907563025,-0.032773109243697474,1190,254.73195800441317,llmlingua2,llmlingua-0.2.2,microsoft/llmlingua-2-bert-base-multilingual-cased-meetingbank@main,gpt2
gsm8k,gsm8k-1066,0.4,0.3773109243697479,-0.02268907563025213,1190,253.2522919937037,llmlingua2,llmlingua-0.2.2,microsoft/llmlingua-2-bert-base-multilingual-cased-meetingbank@main,gpt2
gsm8k,gsm8k-1066,0.3,0.27983193277310925,-0.02016806722689074,1190,266.0644589923322,llmlingua2,llmlingua-0.2.2,microsoft/llmlingua-2-bert-base-multilingual-cased-meetingbank@main,gpt2
gsm8k,gsm8k-1066,0.2,0.18571428571428572,-0.01428571428571429,1190,253.83016600972041,llmlingua2,llmlingua-0.2.2,microsoft/llmlingua-2-bert-base-multilingual-cased-meetingbank@main,gpt2
gsm8k,gsm8k-1067,0.8,0.7941176470588235,-0.005882352941176561,1190,254.534292005701,llmlingua2,llmlingua-0.2.2,microsoft/llmlingua-2-bert-base-multilingual-cased-meetingbank@main,gpt2
gsm8k,gsm8k-1067,0.65,0.6252100840336134,-0.024789915966386578,1190,252.94450001092628,llmlingua2,llmlingua-0.2.2,microsoft/llmlingua-2-bert-base-multilingual-cased-meetingbank@main,gpt2
gsm8k,gsm8k-1067,0.5,0.4672268907563025,-0.032773109243697474,1190,256.6340000194032,llmlingua2,llmlingua-0.2.2,microsoft/llmlingua-2-bert-base-multilingual-cased-meetingbank@main,gpt2
gsm8k,gsm8k-1067,0.4,0.3773109243697479,-0.02268907563025213,1190,261.8501670076512,llmlingua2,llmlingua-0.2.2,microsoft/llmlingua-2-bert-base-multilingual-cased-meetingbank@main,gpt2
gsm8k,gsm8k-1067,0.3,0.27983193277310925,-0.02016806722689074,1190,265.448458987521,llmlingua2,llmlingua-0.2.2,microsoft/llmlingua-2-bert-base-multilingual-cased-meetingbank@main,gpt2
gsm8k,gsm8k-1067,0.2,0.18571428571428572,-0.01428571428571429,1190,266.30495899007656,llmlingua2,llmlingua-0.2.2,microsoft/llmlingua-2-bert-base-multilingual-cased-meetingbank@main,gpt2
gsm8k,gsm8k-1070,0.8,0.7941176470588235,-0.005882352941176561,1190,271.9046249985695,llmlingua2,llmlingua-0.2.2,microsoft/llmlingua-2-bert-base-multilingual-cased-meetingbank@main,gpt2
gsm8k,gsm8k-1070,0.65,0.6252100840336134,-0.024789915966386578,1190,262.4757080047857,llmlingua2,llmlingua-0.2.2,microsoft/llmlingua-2-bert-base-multilingual-cased-meetingbank@main,gpt2
gsm8k,gsm8k-1070,0.5,0.4672268907563025,-0.032773109243697474,1190,265.25675001903437,llmlingua2,llmlingua-0.2.2,microsoft/llmlingua-2-bert-base-multilingual-cased-meetingbank@main,gpt2
gsm8k,gsm8k-1070,0.4,0.3773109243697479,-0.02268907563025213,1190,275.1447499904316,llmlingua2,llmlingua-0.2.2,microsoft/llmlingua-2-bert-base-multilingual-cased-meetingbank@main,gpt2
gsm8k,gsm8k-1070,0.3,0.27983193277310925,-0.02016806722689074,1190,278.00724998814985,llmlingua2,llmlingua-0.2.2,microsoft/llmlingua-2-bert-base-multilingual-cased-meetingbank@main,gpt2
gsm8k,gsm8k-1070,0.2,0.18571428571428572,-0.01428571428571429,1190,285.2277499914635,llmlingua2,llmlingua-0.2.2,microsoft/llmlingua-2-bert-base-multilingual-cased-meetingbank@main,gpt2
gsm8k,gsm8k-1073,0.8,0.7941176470588235,-0.005882352941176561,1190,295.16949999378994,llmlingua2,llmlingua-0.2.2,microsoft/llmlingua-2-bert-base-multilingual-cased-meetingbank@main,gpt2
gsm8k,gsm8k-1073,0.65,0.6252100840336134,-0.024789915966386578,1190,290.04233301384374,llmlingua2,llmlingua-0.2.2,microsoft/llmlingua-2-bert-base-multilingual-cased-meetingbank@main,gpt2
gsm8k,gsm8k-1073,0.5,0.4672268907563025,-0.032773109243697474,1190,292.9717500228435,llmlingua2,llmlingua-0.2.2,microsoft/llmlingua-2-bert-base-multilingual-cased-meetingbank@main,gpt2
gsm8k,gsm8k-1073,0.4,0.3773109243697479,-0.02268907563025213,1190,279.04933399986476,llmlingua2,llmlingua-0.2.2,microsoft/llmlingua-2-bert-base-multilingual-cased-meetingbank@main,gpt2
gsm8k,gsm8k-1073,0.3,0.27983193277310925,-0.02016806722689074,1190,258.2267919788137,llmlingua2,llmlingua-0.2.2,microsoft/llmlingua-2-bert-base-multilingual-cased-meetingbank@main,gpt2
gsm8k,gsm8k-1073,0.2,0.18571428571428572,-0.01428571428571429,1190,262.59220801875927,llmlingua2,llmlingua-0.2.2,microsoft/llmlingua-2-bert-base-multilingual-cased-meetingbank@main,gpt2
gsm8k,gsm8k-1076,0.8,0.7941176470588235,-0.005882352941176561,1190,265.83062499412335,llmlingua2,llmlingua-0.2.2,microsoft/llmlingua-2-bert-base-multilingual-cased-meetingbank@main,gpt2
gsm8k,gsm8k-1076,0.65,0.6252100840336134,-0.024789915966386578,1190,246.1796670104377,llmlingua2,llmlingua-0.2.2,microsoft/llmlingua-2-bert-base-multilingual-cased-meetingbank@main,gpt2
gsm8k,gsm8k-1076,0.5,0.4672268907563025,-0.032773109243697474,1190,251.6777910059318,llmlingua2,llmlingua-0.2.2,microsoft/llmlingua-2-bert-base-multilingual-cased-meetingbank@main,gpt2
gsm8k,gsm8k-1076,0.4,0.3773109243697479,-0.02268907563025213,1190,242.17583300196566,llmlingua2,llmlingua-0.2.2,microsoft/llmlingua-2-bert-base-multilingual-cased-meetingbank@main,gpt2
gsm8k,gsm8k-1076,0.3,0.27983193277310925,-0.02016806722689074,1190,244.7117919800803,llmlingua2,llmlingua-0.2.2,microsoft/llmlingua-2-bert-base-multilingual-cased-meetingbank@main,gpt2
gsm8k,gsm8k-1076,0.2,0.18571428571428572,-0.01428571428571429,1190,243.4297500003595,llmlingua2,llmlingua-0.2.2,microsoft/llmlingua-2-bert-base-multilingual-cased-meetingbank@main,gpt2
gsm8k,gsm8k-1077,0.8,0.7941176470588235,-0.005882352941176561,1190,249.36366599285975,llmlingua2,llmlingua-0.2.2,microsoft/llmlingua-2-bert-base-multilingual-cased-meetingbank@main,gpt2
gsm8k,gsm8k-1077,0.65,0.6252100840336134,-0.024789915966386578,1190,255.29870801256038,llmlingua2,llmlingua-0.2.2,microsoft/llmlingua-2-bert-base-multilingual-cased-meetingbank@main,gpt2
gsm8k,gsm8k-1077,0.5,0.4672268907563025,-0.032773109243697474,1190,267.1055420069024,llmlingua2,llmlingua-0.2.2,microsoft/llmlingua-2-bert-base-multilingual-cased-meetingbank@main,gpt2
gsm8k,gsm8k-1077,0.4,0.3773109243697479,-0.02268907563025213,1190,267.1580419992097,llmlingua2,llmlingua-0.2.2,microsoft/llmlingua-2-bert-base-multilingual-cased-meetingbank@main,gpt2
gsm8k,gsm8k-1077,0.3,0.27983193277310925,-0.02016806722689074,1190,268.3055000088643,llmlingua2,llmlingua-0.2.2,microsoft/llmlingua-2-bert-base-multilingual-cased-meetingbank@main,gpt2
gsm8k,gsm8k-1077,0.2,0.18571428571428572,-0.01428571428571429,1190,267.86424999590963,llmlingua2,llmlingua-0.2.2,microsoft/llmlingua-2-bert-base-multilingual-cased-meetingbank@main,gpt2
gsm8k,gsm8k-1079,0.8,0.7941176470588235,-0.005882352941176561,1190,275.3089999896474,llmlingua2,llmlingua-0.2.2,microsoft/llmlingua-2-bert-base-multilingual-cased-meetingbank@main,gpt2
gsm8k,gsm8k-1079,0.65,0.6252100840336134,-0.024789915966386578,1190,270.0946250115521,llmlingua2,llmlingua-0.2.2,microsoft/llmlingua-2-bert-base-multilingual-cased-meetingbank@main,gpt2
gsm8k,gsm8k-1079,0.5,0.4672268907563025,-0.032773109243697474,1190,266.60045800963417,llmlingua2,llmlingua-0.2.2,microsoft/llmlingua-2-bert-base-multilingual-cased-meetingbank@main,gpt2
gsm8k,gsm8k-1079,0.4,0.3773109243697479,-0.02268907563025213,1190,265.6887080229353,llmlingua2,llmlingua-0.2.2,microsoft/llmlingua-2-bert-base-multilingual-cased-meetingbank@main,gpt2
gsm8k,gsm8k-1079,0.3,0.27983193277310925,-0.02016806722689074,1190,263.0002920050174,llmlingua2,llmlingua-0.2.2,microsoft/llmlingua-2-bert-base-multilingual-cased-meetingbank@main,gpt2
gsm8k,gsm8k-1079,0.2,0.18571428571428572,-0.01428571428571429,1190,259.16312501067296,llmlingua2,llmlingua-0.2.2,microsoft/llmlingua-2-bert-base-multilingual-cased-meetingbank@main,gpt2
gsm8k,gsm8k-108,0.8,0.7941176470588235,-0.005882352941176561,1190,256.1499580042437,llmlingua2,llmlingua-0.2.2,microsoft/llmlingua-2-bert-base-multilingual-cased-meetingbank@main,gpt2
gsm8k,gsm8k-108,0.65,0.6252100840336134,-0.024789915966386578,1190,262.68337498186156,llmlingua2,llmlingua-0.2.2,microsoft/llmlingua-2-bert-base-multilingual-cased-meetingbank@main,gpt2
gsm8k,gsm8k-108,0.5,0.4672268907563025,-0.032773109243697474,1190,269.7641660051886,llmlingua2,llmlingua-0.2.2,microsoft/llmlingua-2-bert-base-multilingual-cased-meetingbank@main,gpt2
gsm8k,gsm8k-108,0.4,0.3773109243697479,-0.02268907563025213,1190,255.31683399458416,llmlingua2,llmlingua-0.2.2,microsoft/llmlingua-2-bert-base-multilingual-cased-meetingbank@main,gpt2
gsm8k,gsm8k-108,0.3,0.27983193277310925,-0.02016806722689074,1190,258.4822500066366,llmlingua2,llmlingua-0.2.2,microsoft/llmlingua-2-bert-base-multilingual-cased-meetingbank@main,gpt2
gsm8k,gsm8k-108,0.2,0.18571428571428572,-0.01428571428571429,1190,254.06254202243872,llmlingua2,llmlingua-0.2.2,microsoft/llmlingua-2-bert-base-multilingual-cased-meetingbank@main,gpt2
gsm8k,gsm8k-1082,0.8,0.7941176470588235,-0.005882352941176561,1190,271.96275000460446,llmlingua2,llmlingua-0.2.2,microsoft/llmlingua-2-bert-base-multilingual-cased-meetingbank@main,gpt2
gsm8k,gsm8k-1082,0.65,0.6252100840336134,-0.024789915966386578,1190,254.83754198648967,llmlingua2,llmlingua-0.2.2,microsoft/llmlingua-2-bert-base-multilingual-cased-meetingbank@main,gpt2
gsm8k,gsm8k-1082,0.5,0.4672268907563025,-0.032773109243697474,1190,258.094709017314,llmlingua2,llmlingua-0.2.2,microsoft/llmlingua-2-bert-base-multilingual-cased-meetingbank@main,gpt2
gsm8k,gsm8k-1082,0.4,0.3773109243697479,-0.02268907563025213,1190,255.11304201791063,llmlingua2,llmlingua-0.2.2,microsoft/llmlingua-2-bert-base-multilingual-cased-meetingbank@main,gpt2
gsm8k,gsm8k-1082,0.3,0.27983193277310925,-0.02016806722689074,1190,252.69808300072327,llmlingua2,llmlingua-0.2.2,microsoft/llmlingua-2-bert-base-multilingual-cased-meetingbank@main,gpt2
gsm8k,gsm8k-1082,0.2,0.18571428571428572,-0.01428571428571429,1190,248.51783298072405,llmlingua2,llmlingua-0.2.2,microsoft/llmlingua-2-bert-base-multilingual-cased-meetingbank@main,gpt2
gsm8k,gsm8k-1084,0.8,0.7941176470588235,-0.005882352941176561,1190,297.8170829883311,llmlingua2,llmlingua-0.2.2,microsoft/llmlingua-2-bert-base-multilingual-cased-meetingbank@main,gpt2
gsm8k,gsm8k-1084,0.65,0.6252100840336134,-0.024789915966386578,1190,279.024165996816,llmlingua2,llmlingua-0.2.2,microsoft/llmlingua-2-bert-base-multilingual-cased-meetingbank@main,gpt2
gsm8k,gsm8k-1084,0.5,0.4672268907563025,-0.032773109243697474,1190,266.302292002365,llmlingua2,llmlingua-0.2.2,microsoft/llmlingua-2-bert-base-multilingual-cased-meetingbank@main,gpt2
gsm8k,gsm8k-1084,0.4,0.3773109243697479,-0.02268907563025213,1190,273.0896249995567,llmlingua2,llmlingua-0.2.2,microsoft/llmlingua-2-bert-base-multilingual-cased-meetingbank@main,gpt2
gsm8k,gsm8k-1084,0.3,0.27983193277310925,-0.02016806722689074,1190,269.25279200077057,llmlingua2,llmlingua-0.2.2,microsoft/llmlingua-2-bert-base-multilingual-cased-meetingbank@main,gpt2
gsm8k,gsm8k-1084,0.2,0.18571428571428572,-0.01428571428571429,1190,272.3297500051558,llmlingua2,llmlingua-0.2.2,microsoft/llmlingua-2-bert-base-multilingual-cased-meetingbank@main,gpt2
gsm8k,gsm8k-1085,0.8,0.7941176470588235,-0.005882352941176561,1190,273.32070900592953,llmlingua2,llmlingua-0.2.2,microsoft/llmlingua-2-bert-base-multilingual-cased-meetingbank@main,gpt2
gsm8k,gsm8k-1085,0.65,0.6252100840336134,-0.024789915966386578,1190,282.1618750167545,llmlingua2,llmlingua-0.2.2,microsoft/llmlingua-2-bert-base-multilingual-cased-meetingbank@main,gpt2
gsm8k,gsm8k-1085,0.5,0.4672268907563025,-0.032773109243697474,1190,271.78620899212547,llmlingua2,llmlingua-0.2.2,microsoft/llmlingua-2-bert-base-multilingual-cased-meetingbank@main,gpt2
gsm8k,gsm8k-1085,0.4,0.3773109243697479,-0.02268907563025213,1190,252.51500000013039,llmlingua2,llmlingua-0.2.2,microsoft/llmlingua-2-bert-base-multilingual-cased-meetingbank@main,gpt2
gsm8k,gsm8k-1085,0.3,0.27983193277310925,-0.02016806722689074,1190,257.37625002511777,llmlingua2,llmlingua-0.2.2,microsoft/llmlingua-2-bert-base-multilingual-cased-meetingbank@main,gpt2
gsm8k,gsm8k-1085,0.2,0.18571428571428572,-0.01428571428571429,1190,245.47962500946596,llmlingua2,llmlingua-0.2.2,microsoft/llmlingua-2-bert-base-multilingual-cased-meetingbank@main,gpt2
gsm8k,gsm8k-1086,0.8,0.7941176470588235,-0.005882352941176561,1190,247.2492919769138,llmlingua2,llmlingua-0.2.2,microsoft/llmlingua-2-bert-base-multilingual-cased-meetingbank@main,gpt2
gsm8k,gsm8k-1086,0.65,0.6252100840336134,-0.024789915966386578,1190,246.1301249859389,llmlingua2,llmlingua-0.2.2,microsoft/llmlingua-2-bert-base-multilingual-cased-meetingbank@main,gpt2
gsm8k,gsm8k-1086,0.5,0.4672268907563025,-0.032773109243697474,1190,247.27308400906622,llmlingua2,llmlingua-0.2.2,microsoft/llmlingua-2-bert-base-multilingual-cased-meetingbank@main,gpt2
gsm8k,gsm8k-1086,0.4,0.3773109243697479,-0.02268907563025213,1190,248.23104200186208,llmlingua2,llmlingua-0.2.2,microsoft/llmlingua-2-bert-base-multilingual-cased-meetingbank@main,gpt2
gsm8k,gsm8k-1086,0.3,0.27983193277310925,-0.02016806722689074,1190,251.32895898423158,llmlingua2,llmlingua-0.2.2,microsoft/llmlingua-2-bert-base-multilingual-cased-meetingbank@main,gpt2
gsm8k,gsm8k-1086,0.2,0.18571428571428572,-0.01428571428571429,1190,260.1065409835428,llmlingua2,llmlingua-0.2.2,microsoft/llmlingua-2-bert-base-multilingual-cased-meetingbank@main,gpt2
gsm8k,gsm8k-1087,0.8,0.7941176470588235,-0.005882352941176561,1190,264.95124999200925,llmlingua2,llmlingua-0.2.2,microsoft/llmlingua-2-bert-base-multilingual-cased-meetingbank@main,gpt2
gsm8k,gsm8k-1087,0.65,0.6252100840336134,-0.024789915966386578,1190,259.6825000073295,llmlingua2,llmlingua-0.2.2,microsoft/llmlingua-2-bert-base-multilingual-cased-meetingbank@main,gpt2
gsm8k,gsm8k-1087,0.5,0.4672268907563025,-0.032773109243697474,1190,265.19224999356084,llmlingua2,llmlingua-0.2.2,microsoft/llmlingua-2-bert-base-multilingual-cased-meetingbank@main,gpt2
gsm8k,gsm8k-1087,0.4,0.3773109243697479,-0.02268907563025213,1190,272.47841699863784,llmlingua2,llmlingua-0.2.2,microsoft/llmlingua-2-bert-base-multilingual-cased-meetingbank@main,gpt2
gsm8k,gsm8k-1087,0.3,0.27983193277310925,-0.02016806722689074,1190,281.2660420022439,llmlingua2,llmlingua-0.2.2,microsoft/llmlingua-2-bert-base-multilingual-cased-meetingbank@main,gpt2
gsm8k,gsm8k-1087,0.2,0.18571428571428572,-0.01428571428571429,1190,275.1367920136545,llmlingua2,llmlingua-0.2.2,microsoft/llmlingua-2-bert-base-multilingual-cased-meetingbank@main,gpt2
gsm8k,gsm8k-1090,0.8,0.7941176470588235,-0.005882352941176561,1190,282.9150830220897,llmlingua2,llmlingua-0.2.2,microsoft/llmlingua-2-bert-base-multilingual-cased-meetingbank@main,gpt2
gsm8k,gsm8k-1090,0.65,0.6252100840336134,-0.024789915966386578,1190,331.7018340167124,llmlingua2,llmlingua-0.2.2,microsoft/llmlingua-2-bert-base-multilingual-cased-meetingbank@main,gpt2
gsm8k,gsm8k-1090,0.5,0.4672268907563025,-0.032773109243697474,1190,274.1391670133453,llmlingua2,llmlingua-0.2.2,microsoft/llmlingua-2-bert-base-multilingual-cased-meetingbank@main,gpt2
gsm8k,gsm8k-1090,0.4,0.3773109243697479,-0.02268907563025213,1190,264.9332919972949,llmlingua2,llmlingua-0.2.2,microsoft/llmlingua-2-bert-base-multilingual-cased-meetingbank@main,gpt2
gsm8k,gsm8k-1090,0.3,0.27983193277310925,-0.02016806722689074,1190,261.15125001524575,llmlingua2,llmlingua-0.2.2,microsoft/llmlingua-2-bert-base-multilingual-cased-meetingbank@main,gpt2
gsm8k,gsm8k-1090,0.2,0.18571428571428572,-0.01428571428571429,1190,258.5236669983715,llmlingua2,llmlingua-0.2.2,microsoft/llmlingua-2-bert-base-multilingual-cased-meetingbank@main,gpt2
gsm8k,gsm8k-1091,0.8,0.7941176470588235,-0.005882352941176561,1190,259.6039999916684,llmlingua2,llmlingua-0.2.2,microsoft/llmlingua-2-bert-base-multilingual-cased-meetingbank@main,gpt2
gsm8k,gsm8k-1091,0.65,0.6252100840336134,-0.024789915966386578,1190,276.37929198681377,llmlingua2,llmlingua-0.2.2,microsoft/llmlingua-2-bert-base-multilingual-cased-meetingbank@main,gpt2
gsm8k,gsm8k-1091,0.5,0.4672268907563025,-0.032773109243697474,1190,269.0535000001546,llmlingua2,llmlingua-0.2.2,microsoft/llmlingua-2-bert-base-multilingual-cased-meetingbank@main,gpt2
gsm8k,gsm8k-1091,0.4,0.3773109243697479,-0.02268907563025213,1190,257.6730419823434,llmlingua2,llmlingua-0.2.2,microsoft/llmlingua-2-bert-base-multilingual-cased-meetingbank@main,gpt2
gsm8k,gsm8k-1091,0.3,0.27983193277310925,-0.02016806722689074,1190,269.7302089945879,llmlingua2,llmlingua-0.2.2,microsoft/llmlingua-2-bert-base-multilingual-cased-meetingbank@main,gpt2
gsm8k,gsm8k-1091,0.2,0.18571428571428572,-0.01428571428571429,1190,264.8130419838708,llmlingua2,llmlingua-0.2.2,microsoft/llmlingua-2-bert-base-multilingual-cased-meetingbank@main,gpt2
gsm8k,gsm8k-1092,0.8,0.7941176470588235,-0.005882352941176561,1190,256.2929589767009,llmlingua2,llmlingua-0.2.2,microsoft/llmlingua-2-bert-base-multilingual-cased-meetingbank@main,gpt2
gsm8k,gsm8k-1092,0.65,0.6252100840336134,-0.024789915966386578,1190,264.7044590266887,llmlingua2,llmlingua-0.2.2,microsoft/llmlingua-2-bert-base-multilingual-cased-meetingbank@main,gpt2
gsm8k,gsm8k-1092,0.5,0.4672268907563025,-0.032773109243697474,1190,294.05091697117314,llmlingua2,llmlingua-0.2.2,microsoft/llmlingua-2-bert-base-multilingual-cased-meetingbank@main,gpt2
gsm8k,gsm8k-1092,0.4,0.3773109243697479,-0.02268907563025213,1190,270.6141250091605,llmlingua2,llmlingua-0.2.2,microsoft/llmlingua-2-bert-base-multilingual-cased-meetingbank@main,gpt2
gsm8k,gsm8k-1092,0.3,0.27983193277310925,-0.02016806722689074,1190,261.87545800348744,llmlingua2,llmlingua-0.2.2,microsoft/llmlingua-2-bert-base-multilingual-cased-meetingbank@main,gpt2
gsm8k,gsm8k-1092,0.2,0.18571428571428572,-0.01428571428571429,1190,261.2654579861555,llmlingua2,llmlingua-0.2.2,microsoft/llmlingua-2-bert-base-multilingual-cased-meetingbank@main,gpt2
gsm8k,gsm8k-1093,0.8,0.7941176470588235,-0.005882352941176561,1190,269.1656250099186,llmlingua2,llmlingua-0.2.2,microsoft/llmlingua-2-bert-base-multilingual-cased-meetingbank@main,gpt2
gsm8k,gsm8k-1093,0.65,0.6252100840336134,-0.024789915966386578,1190,270.08170800399967,llmlingua2,llmlingua-0.2.2,microsoft/llmlingua-2-bert-base-multilingual-cased-meetingbank@main,gpt2
gsm8k,gsm8k-1093,0.5,0.4672268907563025,-0.032773109243697474,1190,270.7084170251619,llmlingua2,llmlingua-0.2.2,microsoft/llmlingua-2-bert-base-multilingual-cased-meetingbank@main,gpt2
gsm8k,gsm8k-1093,0.4,0.3773109243697479,-0.02268907563025213,1190,266.2300420051906,llmlingua2,llmlingua-0.2.2,microsoft/llmlingua-2-bert-base-multilingual-cased-meetingbank@main,gpt2
gsm8k,gsm8k-1093,0.3,0.27983193277310925,-0.02016806722689074,1190,272.69587499904446,llmlingua2,llmlingua-0.2.2,microsoft/llmlingua-2-bert-base-multilingual-cased-meetingbank@main,gpt2
gsm8k,gsm8k-1093,0.2,0.18571428571428572,-0.01428571428571429,1190,254.50879099662416,llmlingua2,llmlingua-0.2.2,microsoft/llmlingua-2-bert-base-multilingual-cased-meetingbank@main,gpt2
